,01-06-2025,DOP. VISA **************** PŁATNOŚĆ KARTĄ 297.8 PLN WYPŁATA WROCŁAW,,,-281.35,,
,02-08-2025,DOP. VISA **************** PŁATNOŚĆ KARTĄ 202.08 PLN OLX WROCŁAW,,,-58.38,,
,08-04-2025,DOP. VISA **************** PŁATNOŚĆ KARTĄ 267.56 PLN ZARA WROCŁAW,,,-32.05,,
,04-02-2025,DOP. VISA **************** PŁATNOŚĆ KARTĄ 185.78 PLN PGNiG WROCŁAW,,,-68.69,,
,06-02-2025,DOP. VISA **************** PŁATNOŚĆ KARTĄ 8.1 PLN PRZEKAZANIE ŚRODKÓW WROCŁAW,,,-264.84,,
,03-05-2025,DOP. VISA **************** PŁATNOŚĆ KARTĄ 38.79 PLN TOP-UP WROCŁAW,,,-132.03,,
,15-10-2024,DOP. VISA **************** PŁATNOŚĆ KARTĄ 93.78 PLN BIEDRONKA WROCŁAW,,,-10.51,,
,08-08-2024,DOP. VISA **************** PŁATNOŚĆ KARTĄ 62.08 PLN PARKING WROCŁAW,,,-149.66,,
,27-09-2024,DOP. VISA **************** PŁATNOŚĆ KARTĄ 63.17 PLN KFC WROCŁAW,,,-287.85,,
,31-01-2025,DOP. VISA **************** PŁATNOŚĆ KARTĄ 243.81 PLN POPEYES WROCŁAW,,,-59.26,,
,03-05-2025,DOP. VISA **************** PŁATNOŚĆ KARTĄ 288.75 PLN GASTRO WROCŁAW,,,-176.73,,
,14-10-2024,DOP. VISA **************** PŁATNOŚĆ KARTĄ 273.63 PLN AUCHAN WROCŁAW,,,-104.55,,
,14-09-2024,DOP. VISA **************** PŁATNOŚĆ KARTĄ 70.17 PLN PRZEKAZANIE ŚRODKÓW WROCŁAW,,,-130.09,,
,15-06-2025,DOP. VISA **************** PŁATNOŚĆ KARTĄ 47.04 PLN DEALZ WROCŁAW,,,-50.25,,
,31-08-2024,DOP. VISA **************** PŁATNOŚĆ KARTĄ 158.9 PLN AMAZON WROCŁAW,,,-135.07,,
,27-06-2025,DOP. VISA **************** PŁATNOŚĆ KARTĄ 226.48 PLN PRZEKAZANIE ŚRODKÓW WROCŁAW,,,-172.49,,
,18-09-2024,DOP. VISA **************** PŁATNOŚĆ KARTĄ 263.39 PLN UBER WROCŁAW,,,-41.29,,
,11-12-2024,DOP. VISA **************** PŁATNOŚĆ KARTĄ 68.77 PLN RACHUNEK NR WROCŁAW,,,-31.74,,
,15-10-2024,DOP. VISA **************** PŁATNOŚĆ KARTĄ 120.38 PLN BANK FEE WROCŁAW,,,-84.28,,
,23-08-2024,DOP. VISA **************** PŁATNOŚĆ KARTĄ 216.49 PLN PRZEKAZANIE ŚRODKÓW WROCŁAW,,,-221.94,,
,05-10-2024,DOP. VISA **************** PŁATNOŚĆ KARTĄ 222.69 PLN DOŁADOWANIE WROCŁAW,,,-272.13,,
,25-04-2025,DOP. VISA **************** PŁATNOŚĆ KARTĄ 100.11 PLN HBO WROCŁAW,,,-293.33,,
,25-04-2025,DOP. VISA **************** PŁATNOŚĆ KARTĄ 161.8 PLN ORLEN WROCŁAW,,,-290.73,,
,26-02-2025,DOP. VISA **************** PŁATNOŚĆ KARTĄ 277.5 PLN BLIK WROCŁAW,,,-232.81,,
,21-12-2024,DOP. VISA **************** PŁATNOŚĆ KARTĄ 203.04 PLN BIEDRONKA WROCŁAW,,,-83.75,,
,05-05-2025,DOP. VISA **************** PŁATNOŚĆ KARTĄ 55.17 PLN PODROZY WROCŁAW,,,-179.48,,
,28-12-2024,DOP. VISA **************** PŁATNOŚĆ KARTĄ 242.77 PLN PRZEKAZANIE ŚRODKÓW WROCŁAW,,,-49.28,,
,25-04-2025,DOP. VISA **************** PŁATNOŚĆ KARTĄ 91.01 PLN GIEŁDA WROCŁAW,,,-121.12,,
,15-05-2025,DOP. VISA **************** PŁATNOŚĆ KARTĄ 8.06 PLN PRZEKAZANIE ŚRODKÓW WROCŁAW,,,-40.58,,
,31-10-2024,DOP. VISA **************** PŁATNOŚĆ KARTĄ 297.62 PLN GIEŁDA WROCŁAW,,,-44.24,,
,12-10-2024,DOP. VISA **************** PŁATNOŚĆ KARTĄ 232.48 PLN LOT WROCŁAW,,,-55.44,,
,28-08-2024,DOP. VISA **************** PŁATNOŚĆ KARTĄ 124.17 PLN BLIK WROCŁAW,,,-253.2,,
,02-08-2025,DOP. VISA **************** PŁATNOŚĆ KARTĄ 74.85 PLN OPENAI WROCŁAW,,,-97.2,,
,26-05-2025,DOP. VISA **************** PŁATNOŚĆ KARTĄ 44.29 PLN TOP-UP WROCŁAW,,,-219.63,,
,20-02-2025,DOP. VISA **************** PŁATNOŚĆ KARTĄ 280.22 PLN XTB WROCŁAW,,,-165.77,,
,24-02-2025,DOP. VISA **************** PŁATNOŚĆ KARTĄ 252.14 PLN PODROZY WROCŁAW,,,-201.71,,
,16-02-2025,DOP. VISA **************** PŁATNOŚĆ KARTĄ 242.68 PLN LEKARZ WROCŁAW,,,-63.28,,
,10-05-2025,DOP. VISA **************** PŁATNOŚĆ KARTĄ 287.08 PLN PRZELEW NA TELEFON WROCŁAW,,,-272.78,,
,26-01-2025,DOP. VISA **************** PŁATNOŚĆ KARTĄ 191.51 PLN PROWIZJA WROCŁAW,,,-43.1,,
,09-07-2025,DOP. VISA **************** PŁATNOŚĆ KARTĄ 238.27 PLN MPK WROCŁAW,,,-139.88,,
,06-02-2025,DOP. VISA **************** PŁATNOŚĆ KARTĄ 235.22 PLN BP WROCŁAW,,,-216.98,,
,08-03-2025,DOP. VISA **************** PŁATNOŚĆ KARTĄ 278.53 PLN BADANIE WROCŁAW,,,-43.04,,
,18-11-2024,DOP. VISA **************** PŁATNOŚĆ KARTĄ 97.28 PLN PODROZY WROCŁAW,,,-33.83,,
,20-04-2025,DOP. VISA **************** PŁATNOŚĆ KARTĄ 81.81 PLN UBER WROCŁAW,,,-147.94,,
,04-12-2024,DOP. VISA **************** PŁATNOŚĆ KARTĄ 271.26 PLN UBER WROCŁAW,,,-48.3,,
,20-05-2025,DOP. VISA **************** PŁATNOŚĆ KARTĄ 135.24 PLN POPEYES WROCŁAW,,,-239.46,,
,24-05-2025,DOP. VISA **************** PŁATNOŚĆ KARTĄ 74.68 PLN DISNEY WROCŁAW,,,-295.93,,
,16-10-2024,DOP. VISA **************** PŁATNOŚĆ KARTĄ 35.46 PLN ENERGA WROCŁAW,,,-233.36,,
,08-02-2025,DOP. VISA **************** PŁATNOŚĆ KARTĄ 57.22 PLN BANK FEE WROCŁAW,,,-167.36,,
,03-04-2025,DOP. VISA **************** PŁATNOŚĆ KARTĄ 210.21 PLN BLIK WROCŁAW,,,-211.86,,
,24-08-2024,DOP. VISA **************** PŁATNOŚĆ KARTĄ 63.71 PLN PGNiG WROCŁAW,,,-119.78,,
,23-05-2025,DOP. VISA **************** PŁATNOŚĆ KARTĄ 212.61 PLN OPENAI WROCŁAW,,,-222.01,,
,01-04-2025,DOP. VISA **************** PŁATNOŚĆ KARTĄ 133.72 PLN DINO WROCŁAW,,,-263.29,,
,02-08-2025,DOP. VISA **************** PŁATNOŚĆ KARTĄ 125.17 PLN TOP-UP WROCŁAW,,,-85.91,,
,10-11-2024,DOP. VISA **************** PŁATNOŚĆ KARTĄ 83.55 PLN PIEKARNIA WROCŁAW,,,-44.39,,
,24-07-2025,DOP. VISA **************** PŁATNOŚĆ KARTĄ 226.98 PLN RYANAIR WROCŁAW,,,-223.27,,
,08-07-2025,DOP. VISA **************** PŁATNOŚĆ KARTĄ 199.7 PLN P24 WROCŁAW,,,-114.08,,
,13-02-2025,DOP. VISA **************** PŁATNOŚĆ KARTĄ 240.22 PLN GIEŁDA WROCŁAW,,,-22.7,,
,29-04-2025,DOP. VISA **************** PŁATNOŚĆ KARTĄ 228.11 PLN LOT WROCŁAW,,,-105.47,,
,07-06-2025,DOP. VISA **************** PŁATNOŚĆ KARTĄ 115.98 PLN VECTRA WROCŁAW,,,-254.78,,
,25-04-2025,DOP. VISA **************** PŁATNOŚĆ KARTĄ 234.68 PLN BERSHKA WROCŁAW,,,-30.24,,
,11-07-2025,DOP. VISA **************** PŁATNOŚĆ KARTĄ 167.27 PLN MPK WROCŁAW,,,-275.82,,
,23-03-2025,DOP. VISA **************** PŁATNOŚĆ KARTĄ 65.29 PLN DISNEY WROCŁAW,,,-155.87,,
,23-06-2025,DOP. VISA **************** PŁATNOŚĆ KARTĄ 226.37 PLN LEKARZ WROCŁAW,,,-175.85,,
,04-03-2025,DOP. VISA **************** PŁATNOŚĆ KARTĄ 277.88 PLN RACHUNEK NR WROCŁAW,,,-142.51,,
,02-04-2025,DOP. VISA **************** PŁATNOŚĆ KARTĄ 232.55 PLN BOLT WROCŁAW,,,-94.29,,
,02-12-2024,DOP. VISA **************** PŁATNOŚĆ KARTĄ 266.45 PLN WYPŁATA WROCŁAW,,,-37.1,,
,26-03-2025,DOP. VISA **************** PŁATNOŚĆ KARTĄ 12.42 PLN SHELL WROCŁAW,,,-262.28,,
,20-05-2025,DOP. VISA **************** PŁATNOŚĆ KARTĄ 50.74 PLN SPOTIFY WROCŁAW,,,-184.8,,
,04-09-2024,DOP. VISA **************** PŁATNOŚĆ KARTĄ 135.93 PLN PROWIZJA WROCŁAW,,,-49.51,,
,21-11-2024,DOP. VISA **************** PŁATNOŚĆ KARTĄ 272.59 PLN SPOTIFY WROCŁAW,,,-240.65,,
,13-09-2024,DOP. VISA **************** PŁATNOŚĆ KARTĄ 115.19 PLN LEKARZ WROCŁAW,,,-151.57,,
,21-09-2024,DOP. VISA **************** PŁATNOŚĆ KARTĄ 38.05 PLN HBO WROCŁAW,,,-293.93,,
,10-07-2025,DOP. VISA **************** PŁATNOŚĆ KARTĄ 139.24 PLN OPŁATA WROCŁAW,,,-243.32,,
,01-11-2024,DOP. VISA **************** PŁATNOŚĆ KARTĄ 240.64 PLN NIKE WROCŁAW,,,-124.89,,
,11-06-2025,DOP. VISA **************** PŁATNOŚĆ KARTĄ 9.83 PLN ORLEN WROCŁAW,,,-134.19,,
,04-01-2025,DOP. VISA **************** PŁATNOŚĆ KARTĄ 88.77 PLN PODROZY WROCŁAW,,,-42.85,,
,01-05-2025,DOP. VISA **************** PŁATNOŚĆ KARTĄ 239.67 PLN CCC WROCŁAW,,,-271.88,,
,30-11-2024,DOP. VISA **************** PŁATNOŚĆ KARTĄ 267.86 PLN HOTEL WROCŁAW,,,-11.43,,
,20-05-2025,DOP. VISA **************** PŁATNOŚĆ KARTĄ 79.77 PLN PRZEKAZANIE ŚRODKÓW WROCŁAW,,,-128.54,,
,18-10-2024,DOP. VISA **************** PŁATNOŚĆ KARTĄ 236.61 PLN XTB WROCŁAW,,,-277.61,,
,24-04-2025,DOP. VISA **************** PŁATNOŚĆ KARTĄ 207.63 PLN BLIK WROCŁAW,,,-202.7,,
,08-04-2025,DOP. VISA **************** PŁATNOŚĆ KARTĄ 73.29 PLN CHINKALNIA WROCŁAW,,,-146.86,,
,24-07-2025,DOP. VISA **************** PŁATNOŚĆ KARTĄ 282.89 PLN UBER WROCŁAW,,,-231.83,,
,04-08-2024,DOP. VISA **************** PŁATNOŚĆ KARTĄ 192.27 PLN UBER WROCŁAW,,,-189.01,,
,18-03-2025,DOP. VISA **************** PŁATNOŚĆ KARTĄ 9.28 PLN TOP-UP WROCŁAW,,,-70.46,,
,27-04-2025,DOP. VISA **************** PŁATNOŚĆ KARTĄ 148.58 PLN PIEKARNIA WROCŁAW,,,-43.42,,
,18-06-2025,DOP. VISA **************** PŁATNOŚĆ KARTĄ 181.99 PLN BIEDRONKA WROCŁAW,,,-239.83,,
,18-02-2025,DOP. VISA **************** PŁATNOŚĆ KARTĄ 76.95 PLN PRZEKAZANIE ŚRODKÓW WROCŁAW,,,-241.2,,
,19-06-2025,DOP. VISA **************** PŁATNOŚĆ KARTĄ 271.32 PLN PASIBUS WROCŁAW,,,-189.8,,
,28-10-2024,DOP. VISA **************** PŁATNOŚĆ KARTĄ 97.49 PLN PROWIZJA WROCŁAW,,,-290.79,,
,30-09-2024,DOP. VISA **************** PŁATNOŚĆ KARTĄ 6.13 PLN GIEŁDA WROCŁAW,,,-262.17,,
,17-03-2025,DOP. VISA **************** PŁATNOŚĆ KARTĄ 187.26 PLN SHELL WROCŁAW,,,-19.28,,
,20-08-2024,DOP. VISA **************** PŁATNOŚĆ KARTĄ 146.01 PLN BANK FEE WROCŁAW,,,-245.18,,
,14-12-2024,DOP. VISA **************** PŁATNOŚĆ KARTĄ 15.04 PLN PRZEKAZANIE ŚRODKÓW WROCŁAW,,,-228.95,,
,17-09-2024,DOP. VISA **************** PŁATNOŚĆ KARTĄ 290.74 PLN GASTRO WROCŁAW,,,-173.68,,
,07-04-2025,DOP. VISA **************** PŁATNOŚĆ KARTĄ 69.55 PLN TOP-UP WROCŁAW,,,-82.01,,
,29-05-2025,DOP. VISA **************** PŁATNOŚĆ KARTĄ 55.34 PLN OPENAI WROCŁAW,,,-145.5,,
,18-11-2024,DOP. VISA **************** PŁATNOŚĆ KARTĄ 116.74 PLN DINO WROCŁAW,,,-185.61,,
,04-06-2025,DOP. VISA **************** PŁATNOŚĆ KARTĄ 267.06 PLN SPOTIFY WROCŁAW,,,-268.89,,
,16-04-2025,DOP. VISA **************** PŁATNOŚĆ KARTĄ 72.91 PLN OPENAI WROCŁAW,,,-76.09,,
,13-10-2024,DOP. VISA **************** PŁATNOŚĆ KARTĄ 146.47 PLN WYPŁATA WROCŁAW,,,-184.36,,
,01-06-2025,DOP. VISA **************** PŁATNOŚĆ KARTĄ 99.77 PLN OLX WROCŁAW,,,-250.01,,
,22-07-2025,DOP. VISA **************** PŁATNOŚĆ KARTĄ 132.45 PLN SHELL WROCŁAW,,,-196.22,,
,05-02-2025,DOP. VISA **************** PŁATNOŚĆ KARTĄ 240.8 PLN LEKARZ WROCŁAW,,,-59.94,,
,07-11-2024,DOP. VISA **************** PŁATNOŚĆ KARTĄ 142.28 PLN BIEDRONKA WROCŁAW,,,-219.02,,
,08-08-2024,DOP. VISA **************** PŁATNOŚĆ KARTĄ 66.04 PLN LEKARZ WROCŁAW,,,-111.51,,
,25-09-2024,DOP. VISA **************** PŁATNOŚĆ KARTĄ 66.09 PLN GIEŁDA WROCŁAW,,,-253.84,,
,02-07-2025,DOP. VISA **************** PŁATNOŚĆ KARTĄ 288.7 PLN OLX WROCŁAW,,,-271.57,,
,09-03-2025,DOP. VISA **************** PŁATNOŚĆ KARTĄ 14.08 PLN BLIK WROCŁAW,,,-193.03,,
,19-07-2025,DOP. VISA **************** PŁATNOŚĆ KARTĄ 128.97 PLN PRZELEW NA TELEFON WROCŁAW,,,-162.65,,
,16-09-2024,DOP. VISA **************** PŁATNOŚĆ KARTĄ 19.95 PLN PRZEKAZANIE ŚRODKÓW WROCŁAW,,,-227.56,,
,12-08-2024,DOP. VISA **************** PŁATNOŚĆ KARTĄ 231.73 PLN ORLEN WROCŁAW,,,-54.98,,
,29-06-2025,DOP. VISA **************** PŁATNOŚĆ KARTĄ 96.33 PLN BP WROCŁAW,,,-13.68,,
,09-12-2024,DOP. VISA **************** PŁATNOŚĆ KARTĄ 102.01 PLN BANK FEE WROCŁAW,,,-114.7,,
,23-11-2024,DOP. VISA **************** PŁATNOŚĆ KARTĄ 220.27 PLN SHELL WROCŁAW,,,-121.4,,
,07-05-2025,DOP. VISA **************** PŁATNOŚĆ KARTĄ 203.61 PLN ALLEGRO WROCŁAW,,,-277.26,,
,04-09-2024,DOP. VISA **************** PŁATNOŚĆ KARTĄ 251.99 PLN BP WROCŁAW,,,-45.48,,
,27-10-2024,DOP. VISA **************** PŁATNOŚĆ KARTĄ 97.08 PLN WYPŁATA WROCŁAW,,,-39.35,,
,18-05-2025,DOP. VISA **************** PŁATNOŚĆ KARTĄ 33.25 PLN PODROZY WROCŁAW,,,-10.05,,
,09-05-2025,DOP. VISA **************** PŁATNOŚĆ KARTĄ 155.91 PLN BOLT WROCŁAW,,,-231.01,,
,25-06-2025,DOP. VISA **************** PŁATNOŚĆ KARTĄ 40.16 PLN UBER WROCŁAW,,,-290.26,,
,10-02-2025,DOP. VISA **************** PŁATNOŚĆ KARTĄ 276.92 PLN TOP-UP WROCŁAW,,,-88.17,,
,08-08-2024,DOP. VISA **************** PŁATNOŚĆ KARTĄ 287.67 PLN MPK WROCŁAW,,,-196.1,,
,19-04-2025,DOP. VISA **************** PŁATNOŚĆ KARTĄ 109.85 PLN PROWIZJA WROCŁAW,,,-12.8,,
,06-01-2025,DOP. VISA **************** PŁATNOŚĆ KARTĄ 104.46 PLN POPEYES WROCŁAW,,,-36.12,,
,21-05-2025,DOP. VISA **************** PŁATNOŚĆ KARTĄ 282.29 PLN TOP-UP WROCŁAW,,,-183.22,,
,26-04-2025,DOP. VISA **************** PŁATNOŚĆ KARTĄ 22.58 PLN SPOTIFY WROCŁAW,,,-106.52,,
,08-04-2025,DOP. VISA **************** PŁATNOŚĆ KARTĄ 207.31 PLN RACHUNEK NR WROCŁAW,,,-23.27,,
,11-10-2024,DOP. VISA **************** PŁATNOŚĆ KARTĄ 49.42 PLN PROWIZJA WROCŁAW,,,-264.27,,
,07-02-2025,DOP. VISA **************** PŁATNOŚĆ KARTĄ 139.35 PLN PRZEKAZANIE ŚRODKÓW WROCŁAW,,,-34.7,,
,24-09-2024,DOP. VISA **************** PŁATNOŚĆ KARTĄ 108.85 PLN HOTEL WROCŁAW,,,-131.73,,
,30-08-2024,DOP. VISA **************** PŁATNOŚĆ KARTĄ 295.74 PLN LOT WROCŁAW,,,-186.39,,
,30-04-2025,DOP. VISA **************** PŁATNOŚĆ KARTĄ 184.81 PLN ENERGA WROCŁAW,,,-55.5,,
,06-06-2025,DOP. VISA **************** PŁATNOŚĆ KARTĄ 114.13 PLN UBER WROCŁAW,,,-291.66,,
,30-11-2024,DOP. VISA **************** PŁATNOŚĆ KARTĄ 89.31 PLN JD WROCŁAW,,,-202.39,,
,25-05-2025,DOP. VISA **************** PŁATNOŚĆ KARTĄ 138.82 PLN PULL & BEAR WROCŁAW,,,-137.95,,
,19-12-2024,DOP. VISA **************** PŁATNOŚĆ KARTĄ 55.9 PLN OPŁATA WROCŁAW,,,-124.15,,
,30-06-2025,DOP. VISA **************** PŁATNOŚĆ KARTĄ 49.65 PLN PARKING WROCŁAW,,,-228.7,,
,07-09-2024,DOP. VISA **************** PŁATNOŚĆ KARTĄ 126.32 PLN AUCHAN WROCŁAW,,,-105.43,,
,30-12-2024,DOP. VISA **************** PŁATNOŚĆ KARTĄ 86.09 PLN MPK WROCŁAW,,,-56.88,,
,17-09-2024,DOP. VISA **************** PŁATNOŚĆ KARTĄ 144.47 PLN UBER WROCŁAW,,,-112.9,,
,07-01-2025,DOP. VISA **************** PŁATNOŚĆ KARTĄ 93.94 PLN BP WROCŁAW,,,-55.21,,
,06-06-2025,DOP. VISA **************** PŁATNOŚĆ KARTĄ 84.2 PLN GASTRO WROCŁAW,,,-21.31,,
,15-05-2025,DOP. VISA **************** PŁATNOŚĆ KARTĄ 92.15 PLN BLIK WROCŁAW,,,-287.37,,
,13-10-2024,DOP. VISA **************** PŁATNOŚĆ KARTĄ 42.91 PLN PODROZY WROCŁAW,,,-206.65,,
,11-03-2025,DOP. VISA **************** PŁATNOŚĆ KARTĄ 286.99 PLN VECTRA WROCŁAW,,,-100.1,,
,15-07-2025,DOP. VISA **************** PŁATNOŚĆ KARTĄ 116.85 PLN BOLT WROCŁAW,,,-287.39,,
,22-12-2024,DOP. VISA **************** PŁATNOŚĆ KARTĄ 21.64 PLN PIEKARNIA WROCŁAW,,,-58.88,,
,08-06-2025,DOP. VISA **************** PŁATNOŚĆ KARTĄ 258.28 PLN HBO WROCŁAW,,,-271.25,,
,07-02-2025,DOP. VISA **************** PŁATNOŚĆ KARTĄ 293.56 PLN BLIK WROCŁAW,,,-204.4,,
,16-06-2025,DOP. VISA **************** PŁATNOŚĆ KARTĄ 259.18 PLN XTB WROCŁAW,,,-295.8,,
,16-03-2025,DOP. VISA **************** PŁATNOŚĆ KARTĄ 228.96 PLN DOŁADOWANIE WROCŁAW,,,-246.95,,
,24-07-2025,DOP. VISA **************** PŁATNOŚĆ KARTĄ 182.72 PLN DINO WROCŁAW,,,-162.61,,
,12-07-2025,DOP. VISA **************** PŁATNOŚĆ KARTĄ 44.21 PLN DEALZ WROCŁAW,,,-247.43,,
,17-03-2025,DOP. VISA **************** PŁATNOŚĆ KARTĄ 7.98 PLN VECTRA WROCŁAW,,,-93.9,,
,11-10-2024,DOP. VISA **************** PŁATNOŚĆ KARTĄ 125.34 PLN ZARA WROCŁAW,,,-154.03,,
,13-05-2025,DOP. VISA **************** PŁATNOŚĆ KARTĄ 149.58 PLN RACHUNEK NR WROCŁAW,,,-195.21,,
,18-06-2025,DOP. VISA **************** PŁATNOŚĆ KARTĄ 260.57 PLN OPENAI WROCŁAW,,,-245.32,,
,26-03-2025,DOP. VISA **************** PŁATNOŚĆ KARTĄ 104.78 PLN BUBBLE WROCŁAW,,,-204.98,,
,08-01-2025,DOP. VISA **************** PŁATNOŚĆ KARTĄ 45.86 PLN PROWIZJA WROCŁAW,,,-279.96,,
,25-11-2024,DOP. VISA **************** PŁATNOŚĆ KARTĄ 283.28 PLN RACHUNEK NR WROCŁAW,,,-208.6,,
,04-07-2025,DOP. VISA **************** PŁATNOŚĆ KARTĄ 69.02 PLN DINO WROCŁAW,,,-125.29,,
,09-08-2024,DOP. VISA **************** PŁATNOŚĆ KARTĄ 277.68 PLN PROWIZJA WROCŁAW,,,-178.96,,
,05-04-2025,DOP. VISA **************** PŁATNOŚĆ KARTĄ 220.94 PLN PULL & BEAR WROCŁAW,,,-223.02,,
,20-11-2024,DOP. VISA **************** PŁATNOŚĆ KARTĄ 184.01 PLN SPOTIFY WROCŁAW,,,-92.42,,
,05-12-2024,DOP. VISA **************** PŁATNOŚĆ KARTĄ 122.72 PLN UPC WROCŁAW,,,-174.88,,
,21-11-2024,DOP. VISA **************** PŁATNOŚĆ KARTĄ 143.41 PLN BUBBLE WROCŁAW,,,-73.68,,
,14-07-2025,DOP. VISA **************** PŁATNOŚĆ KARTĄ 170.85 PLN DEALZ WROCŁAW,,,-35.56,,
,03-11-2024,DOP. VISA **************** PŁATNOŚĆ KARTĄ 287.31 PLN PAYU WROCŁAW,,,-169.64,,
,19-10-2024,DOP. VISA **************** PŁATNOŚĆ KARTĄ 11.77 PLN TOP-UP WROCŁAW,,,-277.05,,
,26-01-2025,DOP. VISA **************** PŁATNOŚĆ KARTĄ 27.36 PLN GIEŁDA WROCŁAW,,,-32.4,,
,26-04-2025,DOP. VISA **************** PŁATNOŚĆ KARTĄ 218.55 PLN KFC WROCŁAW,,,-18.34,,
,16-12-2024,DOP. VISA **************** PŁATNOŚĆ KARTĄ 15.97 PLN SHELL WROCŁAW,,,-162.27,,
,26-01-2025,DOP. VISA **************** PŁATNOŚĆ KARTĄ 93.48 PLN ZABKA WROCŁAW,,,-132.93,,
,07-11-2024,DOP. VISA **************** PŁATNOŚĆ KARTĄ 249.17 PLN CHINKALNIA WROCŁAW,,,-32.21,,
,03-09-2024,DOP. VISA **************** PŁATNOŚĆ KARTĄ 246.6 PLN BLIK WROCŁAW,,,-144.9,,
,21-08-2024,DOP. VISA **************** PŁATNOŚĆ KARTĄ 295.49 PLN PRZELEW NA TELEFON WROCŁAW,,,-150.33,,
,16-05-2025,DOP. VISA **************** PŁATNOŚĆ KARTĄ 70.27 PLN AUCHAN WROCŁAW,,,-113.54,,
,30-10-2024,DOP. VISA **************** PŁATNOŚĆ KARTĄ 6.72 PLN PIEKARNIA WROCŁAW,,,-50.4,,
,29-11-2024,DOP. VISA **************** PŁATNOŚĆ KARTĄ 221.62 PLN UBER WROCŁAW,,,-245.68,,
,02-08-2025,DOP. VISA **************** PŁATNOŚĆ KARTĄ 201.22 PLN BP WROCŁAW,,,-28.17,,
,09-12-2024,DOP. VISA **************** PŁATNOŚĆ KARTĄ 179.85 PLN DOŁADOWANIE WROCŁAW,,,-14.09,,
,24-12-2024,DOP. VISA **************** PŁATNOŚĆ KARTĄ 175.9 PLN WYPŁATA WROCŁAW,,,-273.55,,
,22-09-2024,DOP. VISA **************** PŁATNOŚĆ KARTĄ 188.13 PLN RACHUNEK NR WROCŁAW,,,-168.17,,
,14-05-2025,DOP. VISA **************** PŁATNOŚĆ KARTĄ 16.49 PLN OPŁATA WROCŁAW,,,-99.41,,
,26-11-2024,DOP. VISA **************** PŁATNOŚĆ KARTĄ 53.77 PLN WYPŁATA WROCŁAW,,,-283.15,,
,25-08-2024,DOP. VISA **************** PŁATNOŚĆ KARTĄ 157.01 PLN PAYU WROCŁAW,,,-229.56,,
,05-06-2025,DOP. VISA **************** PŁATNOŚĆ KARTĄ 115.86 PLN HOTEL WROCŁAW,,,-5.13,,
,04-10-2024,DOP. VISA **************** PŁATNOŚĆ KARTĄ 125.21 PLN WYPŁATA WROCŁAW,,,-181.98,,
,26-12-2024,DOP. VISA **************** PŁATNOŚĆ KARTĄ 166.61 PLN BOLT WROCŁAW,,,-292.29,,
,19-03-2025,DOP. VISA **************** PŁATNOŚĆ KARTĄ 287.64 PLN BADANIE WROCŁAW,,,-164.51,,
,25-10-2024,DOP. VISA **************** PŁATNOŚĆ KARTĄ 266.61 PLN RACHUNEK NR WROCŁAW,,,-215.79,,
,29-08-2024,DOP. VISA **************** PŁATNOŚĆ KARTĄ 253.44 PLN OPŁATA WROCŁAW,,,-135.51,,
,25-01-2025,DOP. VISA **************** PŁATNOŚĆ KARTĄ 54.04 PLN UPC WROCŁAW,,,-253.0,,
,11-07-2025,DOP. VISA **************** PŁATNOŚĆ KARTĄ 116.72 PLN SPOTIFY WROCŁAW,,,-119.69,,
,22-03-2025,DOP. VISA **************** PŁATNOŚĆ KARTĄ 246.97 PLN WYPŁATA WROCŁAW,,,-248.52,,
,19-03-2025,DOP. VISA **************** PŁATNOŚĆ KARTĄ 77.84 PLN BADANIE WROCŁAW,,,-186.26,,
,23-06-2025,DOP. VISA **************** PŁATNOŚĆ KARTĄ 161.46 PLN ORLEN WROCŁAW,,,-164.92,,
,17-07-2025,DOP. VISA **************** PŁATNOŚĆ KARTĄ 220.11 PLN PODROZY WROCŁAW,,,-160.76,,
,29-08-2024,DOP. VISA **************** PŁATNOŚĆ KARTĄ 257.23 PLN TOP-UP WROCŁAW,,,-200.13,,
,25-12-2024,DOP. VISA **************** PŁATNOŚĆ KARTĄ 299.88 PLN SHELL WROCŁAW,,,-174.55,,
,01-09-2024,DOP. VISA **************** PŁATNOŚĆ KARTĄ 237.35 PLN VECTRA WROCŁAW,,,-169.85,,
,23-10-2024,DOP. VISA **************** PŁATNOŚĆ KARTĄ 194.59 PLN BLIK WROCŁAW,,,-97.34,,
,07-07-2025,DOP. VISA **************** PŁATNOŚĆ KARTĄ 171.9 PLN ORLEN WROCŁAW,,,-167.91,,
,05-07-2025,DOP. VISA **************** PŁATNOŚĆ KARTĄ 194.23 PLN RACHUNEK NR WROCŁAW,,,-266.49,,
,23-07-2025,DOP. VISA **************** PŁATNOŚĆ KARTĄ 190.85 PLN RYANAIR WROCŁAW,,,-73.43,,
,02-09-2024,DOP. VISA **************** PŁATNOŚĆ KARTĄ 194.07 PLN ZARA WROCŁAW,,,-256.9,,
,04-01-2025,DOP. VISA **************** PŁATNOŚĆ KARTĄ 204.61 PLN OPŁATA WROCŁAW,,,-262.78,,
,23-03-2025,DOP. VISA **************** PŁATNOŚĆ KARTĄ 70.41 PLN PRZEKAZANIE ŚRODKÓW WROCŁAW,,,-111.11,,
,25-01-2025,DOP. VISA **************** PŁATNOŚĆ KARTĄ 116.03 PLN PRZEKAZANIE ŚRODKÓW WROCŁAW,,,-116.82,,
,09-02-2025,DOP. VISA **************** PŁATNOŚĆ KARTĄ 290.25 PLN RACHUNEK NR WROCŁAW,,,-139.0,,
,07-01-2025,DOP. VISA **************** PŁATNOŚĆ KARTĄ 41.92 PLN PRIMARK WROCŁAW,,,-224.33,,
,23-02-2025,DOP. VISA **************** PŁATNOŚĆ KARTĄ 121.74 PLN GASTRO WROCŁAW,,,-242.65,,
,24-10-2024,DOP. VISA **************** PŁATNOŚĆ KARTĄ 271.12 PLN LIDL WROCŁAW,,,-180.31,,
,26-05-2025,DOP. VISA **************** PŁATNOŚĆ KARTĄ 172.92 PLN BUBBLE WROCŁAW,,,-212.12,,
,08-04-2025,DOP. VISA **************** PŁATNOŚĆ KARTĄ 46.12 PLN BUBBLE WROCŁAW,,,-244.63,,
,01-02-2025,DOP. VISA **************** PŁATNOŚĆ KARTĄ 16.26 PLN HBO WROCŁAW,,,-101.65,,
,23-05-2025,DOP. VISA **************** PŁATNOŚĆ KARTĄ 272.38 PLN WYPŁATA WROCŁAW,,,-210.45,,
,20-05-2025,DOP. VISA **************** PŁATNOŚĆ KARTĄ 77.38 PLN ZABKA WROCŁAW,,,-111.91,,
,01-06-2025,DOP. VISA **************** PŁATNOŚĆ KARTĄ 150.38 PLN UBER WROCŁAW,,,-149.56,,
,26-04-2025,DOP. VISA **************** PŁATNOŚĆ KARTĄ 254.19 PLN MCDONALD WROCŁAW,,,-27.34,,
,25-08-2024,DOP. VISA **************** PŁATNOŚĆ KARTĄ 223.58 PLN P24 WROCŁAW,,,-170.34,,
,29-09-2024,DOP. VISA **************** PŁATNOŚĆ KARTĄ 289.09 PLN RACHUNEK NR WROCŁAW,,,-233.28,,
,11-12-2024,DOP. VISA **************** PŁATNOŚĆ KARTĄ 33.79 PLN TOP-UP WROCŁAW,,,-257.14,,
,10-05-2025,DOP. VISA **************** PŁATNOŚĆ KARTĄ 286.58 PLN ORLEN WROCŁAW,,,-132.13,,
,27-11-2024,DOP. VISA **************** PŁATNOŚĆ KARTĄ 117.58 PLN PGNiG WROCŁAW,,,-55.72,,
,28-01-2025,DOP. VISA **************** PŁATNOŚĆ KARTĄ 142.86 PLN TOP-UP WROCŁAW,,,-96.0,,
,30-12-2024,DOP. VISA **************** PŁATNOŚĆ KARTĄ 116.24 PLN PROWIZJA WROCŁAW,,,-244.27,,
,14-12-2024,DOP. VISA **************** PŁATNOŚĆ KARTĄ 246.42 PLN TOP-UP WROCŁAW,,,-134.29,,
,15-06-2025,DOP. VISA **************** PŁATNOŚĆ KARTĄ 276.8 PLN PRZELEW NA TELEFON WROCŁAW,,,-244.9,,
,15-01-2025,DOP. VISA **************** PŁATNOŚĆ KARTĄ 49.74 PLN PRZELEW NA TELEFON WROCŁAW,,,-90.78,,
,04-04-2025,DOP. VISA **************** PŁATNOŚĆ KARTĄ 7.22 PLN PARKING WROCŁAW,,,-278.2,,
,31-07-2025,DOP. VISA **************** PŁATNOŚĆ KARTĄ 171.43 PLN BP WROCŁAW,,,-178.05,,
,10-06-2025,DOP. VISA **************** PŁATNOŚĆ KARTĄ 229.5 PLN PARKING WROCŁAW,,,-36.35,,
,25-11-2024,DOP. VISA **************** PŁATNOŚĆ KARTĄ 87.68 PLN RACHUNEK NR WROCŁAW,,,-145.22,,
,21-07-2025,DOP. VISA **************** PŁATNOŚĆ KARTĄ 162.95 PLN PULL & BEAR WROCŁAW,,,-195.72,,
,18-01-2025,DOP. VISA **************** PŁATNOŚĆ KARTĄ 23.66 PLN PRZEKAZANIE ŚRODKÓW WROCŁAW,,,-242.26,,
,29-12-2024,DOP. VISA **************** PŁATNOŚĆ KARTĄ 147.61 PLN UBER WROCŁAW,,,-271.01,,
,24-12-2024,DOP. VISA **************** PŁATNOŚĆ KARTĄ 261.45 PLN JD WROCŁAW,,,-211.26,,
,25-10-2024,DOP. VISA **************** PŁATNOŚĆ KARTĄ 149.04 PLN WYPŁATA WROCŁAW,,,-171.62,,
,13-03-2025,DOP. VISA **************** PŁATNOŚĆ KARTĄ 105.74 PLN BLIK WROCŁAW,,,-90.54,,
,03-11-2024,DOP. VISA **************** PŁATNOŚĆ KARTĄ 48.27 PLN PRZEKAZANIE ŚRODKÓW WROCŁAW,,,-278.95,,
,18-11-2024,DOP. VISA **************** PŁATNOŚĆ KARTĄ 46.61 PLN SHELL WROCŁAW,,,-30.74,,
,10-03-2025,DOP. VISA **************** PŁATNOŚĆ KARTĄ 241.32 PLN UPC WROCŁAW,,,-115.38,,
,17-11-2024,DOP. VISA **************** PŁATNOŚĆ KARTĄ 26.08 PLN DOŁADOWANIE WROCŁAW,,,-106.75,,
,07-01-2025,DOP. VISA **************** PŁATNOŚĆ KARTĄ 141.98 PLN XTB WROCŁAW,,,-87.35,,
,23-01-2025,DOP. VISA **************** PŁATNOŚĆ KARTĄ 16.88 PLN BADANIE WROCŁAW,,,-122.34,,
,03-02-2025,DOP. VISA **************** PŁATNOŚĆ KARTĄ 60.46 PLN GIEŁDA WROCŁAW,,,-25.91,,
,13-04-2025,DOP. VISA **************** PŁATNOŚĆ KARTĄ 218.87 PLN PRZEKAZANIE ŚRODKÓW WROCŁAW,,,-94.71,,
,27-01-2025,DOP. VISA **************** PŁATNOŚĆ KARTĄ 223.24 PLN RACHUNEK NR WROCŁAW,,,-41.13,,
,27-05-2025,DOP. VISA **************** PŁATNOŚĆ KARTĄ 180.73 PLN ORLEN WROCŁAW,,,-160.46,,
,22-07-2025,DOP. VISA **************** PŁATNOŚĆ KARTĄ 20.7 PLN DOŁADOWANIE WROCŁAW,,,-183.45,,
,24-06-2025,DOP. VISA **************** PŁATNOŚĆ KARTĄ 211.68 PLN HOTEL WROCŁAW,,,-140.72,,
,09-04-2025,DOP. VISA **************** PŁATNOŚĆ KARTĄ 60.33 PLN TOP-UP WROCŁAW,,,-219.02,,
,14-02-2025,DOP. VISA **************** PŁATNOŚĆ KARTĄ 188.55 PLN BIEDRONKA WROCŁAW,,,-201.25,,
,20-02-2025,DOP. VISA **************** PŁATNOŚĆ KARTĄ 59.51 PLN HBO WROCŁAW,,,-158.55,,
,16-06-2025,DOP. VISA **************** PŁATNOŚĆ KARTĄ 299.79 PLN BLIK WROCŁAW,,,-154.62,,
,28-08-2024,DOP. VISA **************** PŁATNOŚĆ KARTĄ 241.27 PLN BANK FEE WROCŁAW,,,-191.31,,
,22-06-2025,DOP. VISA **************** PŁATNOŚĆ KARTĄ 28.88 PLN KFC WROCŁAW,,,-161.22,,
,22-10-2024,DOP. VISA **************** PŁATNOŚĆ KARTĄ 94.17 PLN ZDROWIE WROCŁAW,,,-52.79,,
,15-10-2024,DOP. VISA **************** PŁATNOŚĆ KARTĄ 200.83 PLN GIEŁDA WROCŁAW,,,-40.59,,
,29-11-2024,DOP. VISA **************** PŁATNOŚĆ KARTĄ 290.84 PLN APTEKA WROCŁAW,,,-224.78,,
,05-08-2024,DOP. VISA **************** PŁATNOŚĆ KARTĄ 137.06 PLN SPOTIFY WROCŁAW,,,-236.2,,
,22-06-2025,DOP. VISA **************** PŁATNOŚĆ KARTĄ 182.38 PLN BLIK WROCŁAW,,,-82.81,,
,02-12-2024,DOP. VISA **************** PŁATNOŚĆ KARTĄ 298.34 PLN BP WROCŁAW,,,-250.7,,
,07-06-2025,DOP. VISA **************** PŁATNOŚĆ KARTĄ 205.3 PLN RACHUNEK NR WROCŁAW,,,-260.55,,
,10-07-2025,DOP. VISA **************** PŁATNOŚĆ KARTĄ 198.32 PLN ZABKA WROCŁAW,,,-260.79,,
,29-03-2025,DOP. VISA **************** PŁATNOŚĆ KARTĄ 277.17 PLN BADANIE WROCŁAW,,,-96.67,,
,20-05-2025,DOP. VISA **************** PŁATNOŚĆ KARTĄ 223.01 PLN AUCHAN WROCŁAW,,,-48.61,,
,24-10-2024,DOP. VISA **************** PŁATNOŚĆ KARTĄ 141.18 PLN LIDL WROCŁAW,,,-79.06,,
,09-10-2024,DOP. VISA **************** PŁATNOŚĆ KARTĄ 115.94 PLN BP WROCŁAW,,,-213.76,,
,12-09-2024,DOP. VISA **************** PŁATNOŚĆ KARTĄ 276.91 PLN TOP-UP WROCŁAW,,,-97.63,,
,01-03-2025,DOP. VISA **************** PŁATNOŚĆ KARTĄ 279.46 PLN AUCHAN WROCŁAW,,,-270.95,,
,23-01-2025,DOP. VISA **************** PŁATNOŚĆ KARTĄ 246.8 PLN XTB WROCŁAW,,,-252.54,,
,26-10-2024,DOP. VISA **************** PŁATNOŚĆ KARTĄ 272.75 PLN RACHUNEK NR WROCŁAW,,,-217.91,,
,16-06-2025,DOP. VISA **************** PŁATNOŚĆ KARTĄ 168.84 PLN BANK FEE WROCŁAW,,,-21.08,,
,23-03-2025,DOP. VISA **************** PŁATNOŚĆ KARTĄ 225.86 PLN ZDROWIE WROCŁAW,,,-148.09,,
,05-05-2025,DOP. VISA **************** PŁATNOŚĆ KARTĄ 126.49 PLN ENERGA WROCŁAW,,,-186.48,,
,26-04-2025,DOP. VISA **************** PŁATNOŚĆ KARTĄ 114.14 PLN APTEKA WROCŁAW,,,-244.3,,
,31-08-2024,DOP. VISA **************** PŁATNOŚĆ KARTĄ 179.49 PLN BANK FEE WROCŁAW,,,-281.16,,
,19-01-2025,DOP. VISA **************** PŁATNOŚĆ KARTĄ 295.93 PLN SHELL WROCŁAW,,,-249.23,,
,14-05-2025,DOP. VISA **************** PŁATNOŚĆ KARTĄ 10.92 PLN PRZEKAZANIE ŚRODKÓW WROCŁAW,,,-251.35,,
,27-07-2025,DOP. VISA **************** PŁATNOŚĆ KARTĄ 94.1 PLN ORLEN WROCŁAW,,,-114.43,,
,20-05-2025,DOP. VISA **************** PŁATNOŚĆ KARTĄ 172.05 PLN GIEŁDA WROCŁAW,,,-89.3,,
,02-01-2025,DOP. VISA **************** PŁATNOŚĆ KARTĄ 198.47 PLN PIEKARNIA WROCŁAW,,,-29.9,,
,26-09-2024,DOP. VISA **************** PŁATNOŚĆ KARTĄ 77.89 PLN XTB WROCŁAW,,,-201.66,,
,24-04-2025,DOP. VISA **************** PŁATNOŚĆ KARTĄ 209.53 PLN OLX WROCŁAW,,,-161.51,,
,25-08-2024,DOP. VISA **************** PŁATNOŚĆ KARTĄ 24.56 PLN BERSHKA WROCŁAW,,,-27.22,,
,29-03-2025,DOP. VISA **************** PŁATNOŚĆ KARTĄ 243.69 PLN RACHUNEK NR WROCŁAW,,,-65.68,,
,18-01-2025,DOP. VISA **************** PŁATNOŚĆ KARTĄ 286.12 PLN UPC WROCŁAW,,,-227.24,,
,07-01-2025,DOP. VISA **************** PŁATNOŚĆ KARTĄ 162.4 PLN DINO WROCŁAW,,,-113.81,,
,14-04-2025,DOP. VISA **************** PŁATNOŚĆ KARTĄ 29.41 PLN UBER WROCŁAW,,,-248.67,,
,18-08-2024,DOP. VISA **************** PŁATNOŚĆ KARTĄ 283.52 PLN PROWIZJA WROCŁAW,,,-196.63,,
,29-01-2025,DOP. VISA **************** PŁATNOŚĆ KARTĄ 260.58 PLN ORLEN WROCŁAW,,,-8.73,,
,08-04-2025,DOP. VISA **************** PŁATNOŚĆ KARTĄ 80.59 PLN ORLEN WROCŁAW,,,-223.09,,
,24-09-2024,DOP. VISA **************** PŁATNOŚĆ KARTĄ 33.1 PLN TOP-UP WROCŁAW,,,-161.33,,
,28-11-2024,DOP. VISA **************** PŁATNOŚĆ KARTĄ 216.35 PLN GASTRO WROCŁAW,,,-163.07,,
,18-07-2025,DOP. VISA **************** PŁATNOŚĆ KARTĄ 120.35 PLN BLIK WROCŁAW,,,-269.16,,
,11-09-2024,DOP. VISA **************** PŁATNOŚĆ KARTĄ 126.11 PLN CCC WROCŁAW,,,-142.17,,
,27-01-2025,DOP. VISA **************** PŁATNOŚĆ KARTĄ 198.66 PLN BANK FEE WROCŁAW,,,-192.03,,
,11-12-2024,DOP. VISA **************** PŁATNOŚĆ KARTĄ 181.27 PLN PULL & BEAR WROCŁAW,,,-49.43,,
,06-06-2025,DOP. VISA **************** PŁATNOŚĆ KARTĄ 150.62 PLN PGNiG WROCŁAW,,,-214.6,,
,01-11-2024,DOP. VISA **************** PŁATNOŚĆ KARTĄ 22.2 PLN AMAZON WROCŁAW,,,-180.35,,
,02-01-2025,DOP. VISA **************** PŁATNOŚĆ KARTĄ 37.49 PLN PRZEKAZANIE ŚRODKÓW WROCŁAW,,,-210.64,,
,27-11-2024,DOP. VISA **************** PŁATNOŚĆ KARTĄ 213.93 PLN ZABKA WROCŁAW,,,-275.32,,
,20-01-2025,DOP. VISA **************** PŁATNOŚĆ KARTĄ 41.37 PLN VECTRA WROCŁAW,,,-147.08,,
,28-12-2024,DOP. VISA **************** PŁATNOŚĆ KARTĄ 21.73 PLN UPC WROCŁAW,,,-52.6,,
,22-05-2025,DOP. VISA **************** PŁATNOŚĆ KARTĄ 71.22 PLN LIDL WROCŁAW,,,-34.31,,
,15-09-2024,DOP. VISA **************** PŁATNOŚĆ KARTĄ 20.04 PLN RACHUNEK NR WROCŁAW,,,-143.72,,
,26-09-2024,DOP. VISA **************** PŁATNOŚĆ KARTĄ 191.78 PLN GIEŁDA WROCŁAW,,,-100.61,,
,12-11-2024,DOP. VISA **************** PŁATNOŚĆ KARTĄ 65.66 PLN BADANIE WROCŁAW,,,-253.74,,
,27-12-2024,DOP. VISA **************** PŁATNOŚĆ KARTĄ 167.26 PLN BUBBLE WROCŁAW,,,-59.55,,
,23-11-2024,DOP. VISA **************** PŁATNOŚĆ KARTĄ 273.19 PLN BP WROCŁAW,,,-150.73,,
,19-08-2024,DOP. VISA **************** PŁATNOŚĆ KARTĄ 56.55 PLN GASTRO WROCŁAW,,,-248.23,,
,22-07-2025,DOP. VISA **************** PŁATNOŚĆ KARTĄ 144.95 PLN PRZEKAZANIE ŚRODKÓW WROCŁAW,,,-33.89,,
,16-03-2025,DOP. VISA **************** PŁATNOŚĆ KARTĄ 148.72 PLN RYANAIR WROCŁAW,,,-232.79,,
,29-05-2025,DOP. VISA **************** PŁATNOŚĆ KARTĄ 150.49 PLN BANK FEE WROCŁAW,,,-268.35,,
,19-06-2025,DOP. VISA **************** PŁATNOŚĆ KARTĄ 40.29 PLN SPOTIFY WROCŁAW,,,-266.86,,
,10-01-2025,DOP. VISA **************** PŁATNOŚĆ KARTĄ 202.32 PLN MCDONALD WROCŁAW,,,-39.3,,
,10-08-2024,DOP. VISA **************** PŁATNOŚĆ KARTĄ 148.49 PLN OPŁATA WROCŁAW,,,-41.85,,
,24-10-2024,DOP. VISA **************** PŁATNOŚĆ KARTĄ 251.37 PLN OPENAI WROCŁAW,,,-46.91,,
,02-12-2024,DOP. VISA **************** PŁATNOŚĆ KARTĄ 73.96 PLN DINO WROCŁAW,,,-117.08,,
,22-05-2025,DOP. VISA **************** PŁATNOŚĆ KARTĄ 11.06 PLN P24 WROCŁAW,,,-154.53,,
,04-05-2025,DOP. VISA **************** PŁATNOŚĆ KARTĄ 114.14 PLN DINO WROCŁAW,,,-198.57,,
,18-10-2024,DOP. VISA **************** PŁATNOŚĆ KARTĄ 260.49 PLN UBER WROCŁAW,,,-51.62,,
,20-10-2024,DOP. VISA **************** PŁATNOŚĆ KARTĄ 53.58 PLN H&M WROCŁAW,,,-255.73,,
,21-12-2024,DOP. VISA **************** PŁATNOŚĆ KARTĄ 288.34 PLN PIEKARNIA WROCŁAW,,,-139.37,,
,23-10-2024,DOP. VISA **************** PŁATNOŚĆ KARTĄ 148.29 PLN PAYU WROCŁAW,,,-29.37,,
,29-01-2025,DOP. VISA **************** PŁATNOŚĆ KARTĄ 147.86 PLN BANK FEE WROCŁAW,,,-275.67,,
,23-02-2025,DOP. VISA **************** PŁATNOŚĆ KARTĄ 17.9 PLN BADANIE WROCŁAW,,,-219.2,,
,23-05-2025,DOP. VISA **************** PŁATNOŚĆ KARTĄ 9.41 PLN BADANIE WROCŁAW,,,-226.25,,
,13-07-2025,DOP. VISA **************** PŁATNOŚĆ KARTĄ 271.19 PLN PROWIZJA WROCŁAW,,,-19.8,,
,08-03-2025,DOP. VISA **************** PŁATNOŚĆ KARTĄ 128.91 PLN DEALZ WROCŁAW,,,-192.17,,
,07-12-2024,DOP. VISA **************** PŁATNOŚĆ KARTĄ 259.13 PLN PROWIZJA WROCŁAW,,,-32.76,,
,03-12-2024,DOP. VISA **************** PŁATNOŚĆ KARTĄ 268.13 PLN OPŁATA WROCŁAW,,,-6.58,,
,02-11-2024,DOP. VISA **************** PŁATNOŚĆ KARTĄ 41.39 PLN RYANAIR WROCŁAW,,,-168.82,,
,21-04-2025,DOP. VISA **************** PŁATNOŚĆ KARTĄ 85.5 PLN PAYU WROCŁAW,,,-238.87,,
,02-01-2025,DOP. VISA **************** PŁATNOŚĆ KARTĄ 88.59 PLN UBER WROCŁAW,,,-90.36,,
,29-03-2025,DOP. VISA **************** PŁATNOŚĆ KARTĄ 216.29 PLN SPOTIFY WROCŁAW,,,-239.51,,
,06-08-2024,DOP. VISA **************** PŁATNOŚĆ KARTĄ 266.86 PLN NETFLIX WROCŁAW,,,-17.03,,
,19-11-2024,DOP. VISA **************** PŁATNOŚĆ KARTĄ 186.9 PLN OPENAI WROCŁAW,,,-272.04,,
,23-06-2025,DOP. VISA **************** PŁATNOŚĆ KARTĄ 76.94 PLN GIEŁDA WROCŁAW,,,-172.44,,
,07-03-2025,DOP. VISA **************** PŁATNOŚĆ KARTĄ 73.16 PLN PRZELEW NA TELEFON WROCŁAW,,,-287.75,,
,04-11-2024,DOP. VISA **************** PŁATNOŚĆ KARTĄ 179.92 PLN PROWIZJA WROCŁAW,,,-236.27,,
,19-07-2025,DOP. VISA **************** PŁATNOŚĆ KARTĄ 283.47 PLN ORLEN WROCŁAW,,,-22.73,,
,17-09-2024,DOP. VISA **************** PŁATNOŚĆ KARTĄ 294.52 PLN UBER WROCŁAW,,,-298.13,,
,05-07-2025,DOP. VISA **************** PŁATNOŚĆ KARTĄ 236.96 PLN BOLT WROCŁAW,,,-184.94,,
,13-07-2025,DOP. VISA **************** PŁATNOŚĆ KARTĄ 76.05 PLN BOOKING WROCŁAW,,,-137.2,,
,22-07-2025,DOP. VISA **************** PŁATNOŚĆ KARTĄ 179.04 PLN UBER WROCŁAW,,,-256.73,,
,27-02-2025,DOP. VISA **************** PŁATNOŚĆ KARTĄ 26.24 PLN BOOKING WROCŁAW,,,-29.35,,
,22-09-2024,DOP. VISA **************** PŁATNOŚĆ KARTĄ 67.33 PLN OPENAI WROCŁAW,,,-144.46,,
,25-02-2025,DOP. VISA **************** PŁATNOŚĆ KARTĄ 244.99 PLN POPEYES WROCŁAW,,,-46.74,,
,24-12-2024,DOP. VISA **************** PŁATNOŚĆ KARTĄ 259.0 PLN PAYU WROCŁAW,,,-76.48,,
,03-08-2024,DOP. VISA **************** PŁATNOŚĆ KARTĄ 239.77 PLN GIEŁDA WROCŁAW,,,-269.92,,
,15-01-2025,DOP. VISA **************** PŁATNOŚĆ KARTĄ 19.32 PLN BANK FEE WROCŁAW,,,-23.02,,
,27-02-2025,DOP. VISA **************** PŁATNOŚĆ KARTĄ 71.98 PLN BLIK WROCŁAW,,,-110.66,,
,14-09-2024,DOP. VISA **************** PŁATNOŚĆ KARTĄ 39.78 PLN PRZELEW NA TELEFON WROCŁAW,,,-159.11,,
,21-02-2025,DOP. VISA **************** PŁATNOŚĆ KARTĄ 238.48 PLN LOT WROCŁAW,,,-206.99,,
,12-05-2025,DOP. VISA **************** PŁATNOŚĆ KARTĄ 220.0 PLN PRZEKAZANIE ŚRODKÓW WROCŁAW,,,-172.5,,
,19-11-2024,DOP. VISA **************** PŁATNOŚĆ KARTĄ 237.96 PLN JD WROCŁAW,,,-280.52,,
,24-10-2024,DOP. VISA **************** PŁATNOŚĆ KARTĄ 271.92 PLN ALLEGRO WROCŁAW,,,-229.04,,
,27-01-2025,DOP. VISA **************** PŁATNOŚĆ KARTĄ 103.13 PLN TOP-UP WROCŁAW,,,-121.37,,
,01-02-2025,DOP. VISA **************** PŁATNOŚĆ KARTĄ 22.54 PLN PRZEKAZANIE ŚRODKÓW WROCŁAW,,,-110.47,,
,22-11-2024,DOP. VISA **************** PŁATNOŚĆ KARTĄ 158.51 PLN PAYU WROCŁAW,,,-50.3,,
,07-01-2025,DOP. VISA **************** PŁATNOŚĆ KARTĄ 235.27 PLN PRZELEW NA TELEFON WROCŁAW,,,-175.93,,
,18-03-2025,DOP. VISA **************** PŁATNOŚĆ KARTĄ 183.3 PLN P24 WROCŁAW,,,-63.31,,
,08-10-2024,DOP. VISA **************** PŁATNOŚĆ KARTĄ 292.42 PLN LEKARZ WROCŁAW,,,-155.65,,
,09-09-2024,DOP. VISA **************** PŁATNOŚĆ KARTĄ 103.57 PLN ORLEN WROCŁAW,,,-144.84,,
,06-08-2024,DOP. VISA **************** PŁATNOŚĆ KARTĄ 269.56 PLN WYPŁATA WROCŁAW,,,-275.55,,
,23-11-2024,DOP. VISA **************** PŁATNOŚĆ KARTĄ 126.93 PLN PRZEKAZANIE ŚRODKÓW WROCŁAW,,,-167.32,,
,27-10-2024,DOP. VISA **************** PŁATNOŚĆ KARTĄ 207.83 PLN ENERGA WROCŁAW,,,-240.65,,
,22-09-2024,DOP. VISA **************** PŁATNOŚĆ KARTĄ 293.08 PLN BOOKING WROCŁAW,,,-199.42,,
,03-11-2024,DOP. VISA **************** PŁATNOŚĆ KARTĄ 84.06 PLN PARKING WROCŁAW,,,-209.26,,
,05-10-2024,DOP. VISA **************** PŁATNOŚĆ KARTĄ 218.96 PLN ZDROWIE WROCŁAW,,,-218.18,,
,19-10-2024,DOP. VISA **************** PŁATNOŚĆ KARTĄ 257.81 PLN PROWIZJA WROCŁAW,,,-261.85,,
,27-05-2025,DOP. VISA **************** PŁATNOŚĆ KARTĄ 180.25 PLN PGNiG WROCŁAW,,,-129.24,,
,25-08-2024,DOP. VISA **************** PŁATNOŚĆ KARTĄ 81.17 PLN PROWIZJA WROCŁAW,,,-154.38,,
,25-08-2024,DOP. VISA **************** PŁATNOŚĆ KARTĄ 246.39 PLN MPK WROCŁAW,,,-239.22,,
,03-01-2025,DOP. VISA **************** PŁATNOŚĆ KARTĄ 261.29 PLN PIEKARNIA WROCŁAW,,,-177.9,,
,03-05-2025,DOP. VISA **************** PŁATNOŚĆ KARTĄ 29.88 PLN UBER WROCŁAW,,,-283.58,,
,18-07-2025,DOP. VISA **************** PŁATNOŚĆ KARTĄ 61.68 PLN H&M WROCŁAW,,,-29.3,,
,09-09-2024,DOP. VISA **************** PŁATNOŚĆ KARTĄ 200.47 PLN BP WROCŁAW,,,-68.03,,
,01-03-2025,DOP. VISA **************** PŁATNOŚĆ KARTĄ 294.41 PLN LIDL WROCŁAW,,,-199.5,,
,22-02-2025,DOP. VISA **************** PŁATNOŚĆ KARTĄ 260.67 PLN SHELL WROCŁAW,,,-127.7,,
,02-05-2025,DOP. VISA **************** PŁATNOŚĆ KARTĄ 68.08 PLN BP WROCŁAW,,,-213.34,,
,01-03-2025,DOP. VISA **************** PŁATNOŚĆ KARTĄ 119.45 PLN CHINKALNIA WROCŁAW,,,-96.52,,
,01-06-2025,DOP. VISA **************** PŁATNOŚĆ KARTĄ 265.33 PLN PAYU WROCŁAW,,,-276.71,,
,15-11-2024,DOP. VISA **************** PŁATNOŚĆ KARTĄ 134.27 PLN AUCHAN WROCŁAW,,,-297.13,,
,18-04-2025,DOP. VISA **************** PŁATNOŚĆ KARTĄ 37.46 PLN BLIK WROCŁAW,,,-252.56,,
,18-04-2025,DOP. VISA **************** PŁATNOŚĆ KARTĄ 101.28 PLN ENERGA WROCŁAW,,,-292.15,,
,12-08-2024,DOP. VISA **************** PŁATNOŚĆ KARTĄ 108.79 PLN TOP-UP WROCŁAW,,,-200.09,,
,11-01-2025,DOP. VISA **************** PŁATNOŚĆ KARTĄ 190.58 PLN RACHUNEK NR WROCŁAW,,,-32.58,,
,02-11-2024,DOP. VISA **************** PŁATNOŚĆ KARTĄ 189.38 PLN ZDROWIE WROCŁAW,,,-93.15,,
,02-05-2025,DOP. VISA **************** PŁATNOŚĆ KARTĄ 295.58 PLN P24 WROCŁAW,,,-239.23,,
,28-08-2024,DOP. VISA **************** PŁATNOŚĆ KARTĄ 208.58 PLN LEKARZ WROCŁAW,,,-215.26,,
,22-04-2025,DOP. VISA **************** PŁATNOŚĆ KARTĄ 140.84 PLN RYANAIR WROCŁAW,,,-80.23,,
,09-03-2025,DOP. VISA **************** PŁATNOŚĆ KARTĄ 260.93 PLN BUBBLE WROCŁAW,,,-87.22,,
,24-07-2025,DOP. VISA **************** PŁATNOŚĆ KARTĄ 165.75 PLN WYPŁATA WROCŁAW,,,-241.64,,
,27-11-2024,DOP. VISA **************** PŁATNOŚĆ KARTĄ 77.65 PLN DEALZ WROCŁAW,,,-158.12,,
,11-06-2025,DOP. VISA **************** PŁATNOŚĆ KARTĄ 220.77 PLN OPŁATA WROCŁAW,,,-75.67,,
,05-03-2025,DOP. VISA **************** PŁATNOŚĆ KARTĄ 252.22 PLN OLX WROCŁAW,,,-199.73,,
,07-03-2025,DOP. VISA **************** PŁATNOŚĆ KARTĄ 13.58 PLN ENERGA WROCŁAW,,,-142.7,,
,05-04-2025,DOP. VISA **************** PŁATNOŚĆ KARTĄ 87.12 PLN PRZEKAZANIE ŚRODKÓW WROCŁAW,,,-49.65,,
,21-08-2024,DOP. VISA **************** PŁATNOŚĆ KARTĄ 141.87 PLN BIEDRONKA WROCŁAW,,,-46.52,,
,08-01-2025,DOP. VISA **************** PŁATNOŚĆ KARTĄ 168.78 PLN PRZEKAZANIE ŚRODKÓW WROCŁAW,,,-112.96,,
,15-05-2025,DOP. VISA **************** PŁATNOŚĆ KARTĄ 171.94 PLN JD WROCŁAW,,,-14.66,,
,20-09-2024,DOP. VISA **************** PŁATNOŚĆ KARTĄ 125.58 PLN BANK FEE WROCŁAW,,,-270.51,,
,02-05-2025,DOP. VISA **************** PŁATNOŚĆ KARTĄ 208.59 PLN PRZELEW NA TELEFON WROCŁAW,,,-61.56,,
,27-05-2025,DOP. VISA **************** PŁATNOŚĆ KARTĄ 242.98 PLN HOTEL WROCŁAW,,,-288.74,,
,10-06-2025,DOP. VISA **************** PŁATNOŚĆ KARTĄ 210.97 PLN DEALZ WROCŁAW,,,-83.93,,
,08-12-2024,DOP. VISA **************** PŁATNOŚĆ KARTĄ 267.62 PLN XTB WROCŁAW,,,-75.74,,
,15-09-2024,DOP. VISA **************** PŁATNOŚĆ KARTĄ 288.9 PLN OPŁATA WROCŁAW,,,-299.44,,
,22-12-2024,DOP. VISA **************** PŁATNOŚĆ KARTĄ 115.22 PLN RACHUNEK NR WROCŁAW,,,-9.13,,
,07-03-2025,DOP. VISA **************** PŁATNOŚĆ KARTĄ 24.14 PLN DINO WROCŁAW,,,-229.98,,
,17-12-2024,DOP. VISA **************** PŁATNOŚĆ KARTĄ 74.51 PLN RYANAIR WROCŁAW,,,-29.75,,
,14-10-2024,DOP. VISA **************** PŁATNOŚĆ KARTĄ 75.06 PLN GASTRO WROCŁAW,,,-221.44,,
,28-07-2025,DOP. VISA **************** PŁATNOŚĆ KARTĄ 71.61 PLN SHELL WROCŁAW,,,-18.08,,
,18-03-2025,DOP. VISA **************** PŁATNOŚĆ KARTĄ 224.6 PLN LEKARZ WROCŁAW,,,-99.12,,
,07-01-2025,DOP. VISA **************** PŁATNOŚĆ KARTĄ 225.63 PLN PRZELEW NA TELEFON WROCŁAW,,,-274.81,,
,22-01-2025,DOP. VISA **************** PŁATNOŚĆ KARTĄ 9.2 PLN ORLEN WROCŁAW,,,-194.6,,
,20-03-2025,DOP. VISA **************** PŁATNOŚĆ KARTĄ 202.38 PLN BERSHKA WROCŁAW,,,-222.95,,
,08-09-2024,DOP. VISA **************** PŁATNOŚĆ KARTĄ 109.5 PLN UBER WROCŁAW,,,-54.48,,
,27-12-2024,DOP. VISA **************** PŁATNOŚĆ KARTĄ 84.36 PLN PROWIZJA WROCŁAW,,,-84.87,,
,02-08-2025,DOP. VISA **************** PŁATNOŚĆ KARTĄ 296.14 PLN RACHUNEK NR WROCŁAW,,,-249.69,,
,26-06-2025,DOP. VISA **************** PŁATNOŚĆ KARTĄ 151.9 PLN HOTEL WROCŁAW,,,-193.69,,
,11-01-2025,DOP. VISA **************** PŁATNOŚĆ KARTĄ 273.01 PLN ENERGA WROCŁAW,,,-160.88,,
,06-07-2025,DOP. VISA **************** PŁATNOŚĆ KARTĄ 285.53 PLN BADANIE WROCŁAW,,,-196.46,,
,01-12-2024,DOP. VISA **************** PŁATNOŚĆ KARTĄ 261.34 PLN MPK WROCŁAW,,,-277.39,,
,22-08-2024,DOP. VISA **************** PŁATNOŚĆ KARTĄ 90.42 PLN BOLT WROCŁAW,,,-272.62,,
,08-05-2025,DOP. VISA **************** PŁATNOŚĆ KARTĄ 258.53 PLN LOT WROCŁAW,,,-240.82,,
,19-01-2025,DOP. VISA **************** PŁATNOŚĆ KARTĄ 251.96 PLN PRZEKAZANIE ŚRODKÓW WROCŁAW,,,-34.16,,
,12-08-2024,DOP. VISA **************** PŁATNOŚĆ KARTĄ 24.61 PLN PRZELEW NA TELEFON WROCŁAW,,,-57.81,,
,09-05-2025,DOP. VISA **************** PŁATNOŚĆ KARTĄ 32.37 PLN PASIBUS WROCŁAW,,,-149.89,,
,06-03-2025,DOP. VISA **************** PŁATNOŚĆ KARTĄ 46.1 PLN PRZEKAZANIE ŚRODKÓW WROCŁAW,,,-36.18,,
,04-07-2025,DOP. VISA **************** PŁATNOŚĆ KARTĄ 12.19 PLN XTB WROCŁAW,,,-229.6,,
,13-08-2024,DOP. VISA **************** PŁATNOŚĆ KARTĄ 211.17 PLN PRZEKAZANIE ŚRODKÓW WROCŁAW,,,-208.34,,
,06-05-2025,DOP. VISA **************** PŁATNOŚĆ KARTĄ 30.12 PLN ORLEN WROCŁAW,,,-148.49,,
,12-10-2024,DOP. VISA **************** PŁATNOŚĆ KARTĄ 82.75 PLN OLX WROCŁAW,,,-292.85,,
,10-03-2025,DOP. VISA **************** PŁATNOŚĆ KARTĄ 195.38 PLN DOŁADOWANIE WROCŁAW,,,-285.25,,
,19-08-2024,DOP. VISA **************** PŁATNOŚĆ KARTĄ 238.15 PLN ORLEN WROCŁAW,,,-153.16,,
,12-05-2025,DOP. VISA **************** PŁATNOŚĆ KARTĄ 238.62 PLN PROWIZJA WROCŁAW,,,-82.27,,
,08-01-2025,DOP. VISA **************** PŁATNOŚĆ KARTĄ 146.3 PLN DISNEY WROCŁAW,,,-78.82,,
,20-02-2025,DOP. VISA **************** PŁATNOŚĆ KARTĄ 60.94 PLN DOŁADOWANIE WROCŁAW,,,-185.96,,
,21-03-2025,DOP. VISA **************** PŁATNOŚĆ KARTĄ 138.67 PLN BP WROCŁAW,,,-222.46,,
,27-06-2025,DOP. VISA **************** PŁATNOŚĆ KARTĄ 24.92 PLN ENERGA WROCŁAW,,,-51.0,,
,13-09-2024,DOP. VISA **************** PŁATNOŚĆ KARTĄ 253.51 PLN OPŁATA WROCŁAW,,,-34.27,,
,14-09-2024,DOP. VISA **************** PŁATNOŚĆ KARTĄ 176.64 PLN ZABKA WROCŁAW,,,-113.93,,
,09-10-2024,DOP. VISA **************** PŁATNOŚĆ KARTĄ 283.15 PLN LEKARZ WROCŁAW,,,-159.25,,
,10-12-2024,DOP. VISA **************** PŁATNOŚĆ KARTĄ 10.73 PLN TOP-UP WROCŁAW,,,-242.69,,
,09-02-2025,DOP. VISA **************** PŁATNOŚĆ KARTĄ 167.43 PLN PRZEKAZANIE ŚRODKÓW WROCŁAW,,,-233.11,,
,02-07-2025,DOP. VISA **************** PŁATNOŚĆ KARTĄ 60.64 PLN MPK WROCŁAW,,,-223.35,,
,09-01-2025,DOP. VISA **************** PŁATNOŚĆ KARTĄ 75.16 PLN WYPŁATA WROCŁAW,,,-99.48,,
,26-07-2025,DOP. VISA **************** PŁATNOŚĆ KARTĄ 126.5 PLN POPEYES WROCŁAW,,,-229.13,,
,10-12-2024,DOP. VISA **************** PŁATNOŚĆ KARTĄ 297.82 PLN BANK FEE WROCŁAW,,,-206.49,,
,15-12-2024,DOP. VISA **************** PŁATNOŚĆ KARTĄ 230.18 PLN MCDONALD WROCŁAW,,,-59.48,,
,27-01-2025,DOP. VISA **************** PŁATNOŚĆ KARTĄ 258.57 PLN PAYU WROCŁAW,,,-123.09,,
,26-05-2025,DOP. VISA **************** PŁATNOŚĆ KARTĄ 195.28 PLN PULL & BEAR WROCŁAW,,,-11.65,,
,24-12-2024,DOP. VISA **************** PŁATNOŚĆ KARTĄ 204.28 PLN PGNiG WROCŁAW,,,-135.02,,
,25-01-2025,DOP. VISA **************** PŁATNOŚĆ KARTĄ 207.58 PLN OPŁATA WROCŁAW,,,-236.58,,
,19-08-2024,DOP. VISA **************** PŁATNOŚĆ KARTĄ 245.34 PLN LOT WROCŁAW,,,-85.66,,
,15-06-2025,DOP. VISA **************** PŁATNOŚĆ KARTĄ 276.94 PLN RACHUNEK NR WROCŁAW,,,-243.44,,
,10-09-2024,DOP. VISA **************** PŁATNOŚĆ KARTĄ 255.67 PLN ZABKA WROCŁAW,,,-51.76,,
,20-03-2025,DOP. VISA **************** PŁATNOŚĆ KARTĄ 252.26 PLN VECTRA WROCŁAW,,,-262.44,,
,03-11-2024,DOP. VISA **************** PŁATNOŚĆ KARTĄ 274.89 PLN XTB WROCŁAW,,,-27.21,,
,03-07-2025,DOP. VISA **************** PŁATNOŚĆ KARTĄ 244.8 PLN WYPŁATA WROCŁAW,,,-19.29,,
,11-09-2024,DOP. VISA **************** PŁATNOŚĆ KARTĄ 46.09 PLN PROWIZJA WROCŁAW,,,-164.37,,
,01-06-2025,DOP. VISA **************** PŁATNOŚĆ KARTĄ 41.8 PLN WYPŁATA WROCŁAW,,,-273.25,,
,09-07-2025,DOP. VISA **************** PŁATNOŚĆ KARTĄ 16.59 PLN TOP-UP WROCŁAW,,,-254.22,,
,22-07-2025,DOP. VISA **************** PŁATNOŚĆ KARTĄ 23.43 PLN PRZEKAZANIE ŚRODKÓW WROCŁAW,,,-145.83,,
,24-01-2025,DOP. VISA **************** PŁATNOŚĆ KARTĄ 138.8 PLN UBER WROCŁAW,,,-246.91,,
,19-07-2025,DOP. VISA **************** PŁATNOŚĆ KARTĄ 225.21 PLN ENERGA WROCŁAW,,,-120.56,,
,22-09-2024,DOP. VISA **************** PŁATNOŚĆ KARTĄ 97.03 PLN APTEKA WROCŁAW,,,-34.68,,
,07-08-2024,DOP. VISA **************** PŁATNOŚĆ KARTĄ 261.77 PLN OLX WROCŁAW,,,-224.29,,
,17-09-2024,DOP. VISA **************** PŁATNOŚĆ KARTĄ 112.68 PLN WYPŁATA WROCŁAW,,,-69.47,,
,29-03-2025,DOP. VISA **************** PŁATNOŚĆ KARTĄ 224.67 PLN PODROZY WROCŁAW,,,-169.81,,
,09-03-2025,DOP. VISA **************** PŁATNOŚĆ KARTĄ 60.91 PLN PULL & BEAR WROCŁAW,,,-118.11,,
,14-10-2024,DOP. VISA **************** PŁATNOŚĆ KARTĄ 154.03 PLN BOOKING WROCŁAW,,,-188.17,,
,25-05-2025,DOP. VISA **************** PŁATNOŚĆ KARTĄ 186.68 PLN PRZELEW NA TELEFON WROCŁAW,,,-9.18,,
,25-07-2025,DOP. VISA **************** PŁATNOŚĆ KARTĄ 96.49 PLN VECTRA WROCŁAW,,,-233.97,,
,09-07-2025,DOP. VISA **************** PŁATNOŚĆ KARTĄ 103.54 PLN OPENAI WROCŁAW,,,-276.22,,
,16-04-2025,DOP. VISA **************** PŁATNOŚĆ KARTĄ 288.64 PLN PARKING WROCŁAW,,,-223.17,,
,03-07-2025,DOP. VISA **************** PŁATNOŚĆ KARTĄ 77.62 PLN LIDL WROCŁAW,,,-202.17,,
,16-04-2025,DOP. VISA **************** PŁATNOŚĆ KARTĄ 33.31 PLN P24 WROCŁAW,,,-131.24,,
,14-04-2025,DOP. VISA **************** PŁATNOŚĆ KARTĄ 277.86 PLN OPENAI WROCŁAW,,,-147.27,,
,03-11-2024,DOP. VISA **************** PŁATNOŚĆ KARTĄ 131.17 PLN WYPŁATA WROCŁAW,,,-107.25,,
,23-08-2024,DOP. VISA **************** PŁATNOŚĆ KARTĄ 239.41 PLN PGNiG WROCŁAW,,,-83.61,,
,12-05-2025,DOP. VISA **************** PŁATNOŚĆ KARTĄ 271.14 PLN DOŁADOWANIE WROCŁAW,,,-158.97,,
,14-09-2024,DOP. VISA **************** PŁATNOŚĆ KARTĄ 263.7 PLN PROWIZJA WROCŁAW,,,-159.67,,
,08-12-2024,DOP. VISA **************** PŁATNOŚĆ KARTĄ 130.01 PLN LEKARZ WROCŁAW,,,-87.42,,
,16-07-2025,DOP. VISA **************** PŁATNOŚĆ KARTĄ 24.67 PLN ALLEGRO WROCŁAW,,,-109.05,,
,28-09-2024,DOP. VISA **************** PŁATNOŚĆ KARTĄ 32.7 PLN LEKARZ WROCŁAW,,,-123.94,,
,20-03-2025,DOP. VISA **************** PŁATNOŚĆ KARTĄ 251.82 PLN AUCHAN WROCŁAW,,,-135.98,,
,11-11-2024,DOP. VISA **************** PŁATNOŚĆ KARTĄ 216.79 PLN WYPŁATA WROCŁAW,,,-268.13,,
,03-01-2025,DOP. VISA **************** PŁATNOŚĆ KARTĄ 112.31 PLN BP WROCŁAW,,,-280.66,,
,21-04-2025,DOP. VISA **************** PŁATNOŚĆ KARTĄ 235.55 PLN BOOKING WROCŁAW,,,-285.84,,
,14-02-2025,DOP. VISA **************** PŁATNOŚĆ KARTĄ 116.54 PLN PRZELEW NA TELEFON WROCŁAW,,,-233.21,,
,04-10-2024,DOP. VISA **************** PŁATNOŚĆ KARTĄ 293.33 PLN SPOTIFY WROCŁAW,,,-163.29,,
,28-02-2025,DOP. VISA **************** PŁATNOŚĆ KARTĄ 276.99 PLN WYPŁATA WROCŁAW,,,-254.73,,
,17-10-2024,DOP. VISA **************** PŁATNOŚĆ KARTĄ 298.15 PLN ENERGA WROCŁAW,,,-220.15,,
,29-05-2025,DOP. VISA **************** PŁATNOŚĆ KARTĄ 34.65 PLN OPŁATA WROCŁAW,,,-216.94,,
,16-07-2025,DOP. VISA **************** PŁATNOŚĆ KARTĄ 9.74 PLN MPK WROCŁAW,,,-47.32,,
,11-03-2025,DOP. VISA **************** PŁATNOŚĆ KARTĄ 266.02 PLN PRZEKAZANIE ŚRODKÓW WROCŁAW,,,-145.42,,
,08-12-2024,DOP. VISA **************** PŁATNOŚĆ KARTĄ 60.25 PLN BOLT WROCŁAW,,,-207.67,,
,05-06-2025,DOP. VISA **************** PŁATNOŚĆ KARTĄ 59.39 PLN BLIK WROCŁAW,,,-54.56,,
,16-08-2024,DOP. VISA **************** PŁATNOŚĆ KARTĄ 24.63 PLN PRZELEW NA TELEFON WROCŁAW,,,-150.78,,
,08-09-2024,DOP. VISA **************** PŁATNOŚĆ KARTĄ 239.2 PLN DOŁADOWANIE WROCŁAW,,,-32.62,,
,02-11-2024,DOP. VISA **************** PŁATNOŚĆ KARTĄ 9.11 PLN PGNiG WROCŁAW,,,-71.82,,
,07-09-2024,DOP. VISA **************** PŁATNOŚĆ KARTĄ 261.88 PLN PROWIZJA WROCŁAW,,,-272.13,,
,19-01-2025,DOP. VISA **************** PŁATNOŚĆ KARTĄ 32.83 PLN APTEKA WROCŁAW,,,-28.58,,
,19-05-2025,DOP. VISA **************** PŁATNOŚĆ KARTĄ 137.02 PLN LOT WROCŁAW,,,-267.11,,
,12-07-2025,DOP. VISA **************** PŁATNOŚĆ KARTĄ 80.33 PLN BLIK WROCŁAW,,,-142.58,,
,13-07-2025,DOP. VISA **************** PŁATNOŚĆ KARTĄ 46.9 PLN XTB WROCŁAW,,,-38.9,,
,22-01-2025,DOP. VISA **************** PŁATNOŚĆ KARTĄ 21.66 PLN TOP-UP WROCŁAW,,,-246.61,,
,21-08-2024,DOP. VISA **************** PŁATNOŚĆ KARTĄ 193.11 PLN PRZEKAZANIE ŚRODKÓW WROCŁAW,,,-18.82,,
,02-10-2024,DOP. VISA **************** PŁATNOŚĆ KARTĄ 148.11 PLN BIEDRONKA WROCŁAW,,,-35.97,,
,04-02-2025,DOP. VISA **************** PŁATNOŚĆ KARTĄ 46.73 PLN BP WROCŁAW,,,-157.78,,
,12-08-2024,DOP. VISA **************** PŁATNOŚĆ KARTĄ 179.79 PLN DISNEY WROCŁAW,,,-58.74,,
,23-05-2025,DOP. VISA **************** PŁATNOŚĆ KARTĄ 124.15 PLN BOOKING WROCŁAW,,,-27.6,,
,17-05-2025,DOP. VISA **************** PŁATNOŚĆ KARTĄ 285.18 PLN ENERGA WROCŁAW,,,-72.63,,
,15-05-2025,DOP. VISA **************** PŁATNOŚĆ KARTĄ 221.82 PLN ENERGA WROCŁAW,,,-109.95,,
,21-04-2025,DOP. VISA **************** PŁATNOŚĆ KARTĄ 101.27 PLN ZDROWIE WROCŁAW,,,-232.15,,
,24-10-2024,DOP. VISA **************** PŁATNOŚĆ KARTĄ 26.51 PLN VECTRA WROCŁAW,,,-236.02,,
,26-10-2024,DOP. VISA **************** PŁATNOŚĆ KARTĄ 219.68 PLN PASIBUS WROCŁAW,,,-165.92,,
,01-01-2025,DOP. VISA **************** PŁATNOŚĆ KARTĄ 43.66 PLN BUBBLE WROCŁAW,,,-261.01,,
,21-05-2025,DOP. VISA **************** PŁATNOŚĆ KARTĄ 128.45 PLN OLX WROCŁAW,,,-297.59,,
,26-07-2025,DOP. VISA **************** PŁATNOŚĆ KARTĄ 94.94 PLN POPEYES WROCŁAW,,,-40.87,,
,01-03-2025,DOP. VISA **************** PŁATNOŚĆ KARTĄ 162.7 PLN PRZEKAZANIE ŚRODKÓW WROCŁAW,,,-58.93,,
,01-09-2024,DOP. VISA **************** PŁATNOŚĆ KARTĄ 105.63 PLN BLIK WROCŁAW,,,-23.94,,
,12-02-2025,DOP. VISA **************** PŁATNOŚĆ KARTĄ 128.94 PLN DOŁADOWANIE WROCŁAW,,,-158.08,,
,31-07-2025,DOP. VISA **************** PŁATNOŚĆ KARTĄ 47.75 PLN GIEŁDA WROCŁAW,,,-123.28,,
,10-01-2025,DOP. VISA **************** PŁATNOŚĆ KARTĄ 299.0 PLN PROWIZJA WROCŁAW,,,-276.53,,
,26-09-2024,DOP. VISA **************** PŁATNOŚĆ KARTĄ 154.14 PLN XTB WROCŁAW,,,-161.16,,
,03-02-2025,DOP. VISA **************** PŁATNOŚĆ KARTĄ 236.7 PLN ORLEN WROCŁAW,,,-45.34,,
,20-01-2025,DOP. VISA **************** PŁATNOŚĆ KARTĄ 242.9 PLN RYANAIR WROCŁAW,,,-140.8,,
,05-09-2024,DOP. VISA **************** PŁATNOŚĆ KARTĄ 247.02 PLN RACHUNEK NR WROCŁAW,,,-35.75,,
,11-07-2025,DOP. VISA **************** PŁATNOŚĆ KARTĄ 284.66 PLN LIDL WROCŁAW,,,-22.2,,
,02-12-2024,DOP. VISA **************** PŁATNOŚĆ KARTĄ 32.14 PLN DOŁADOWANIE WROCŁAW,,,-38.48,,
,27-02-2025,DOP. VISA **************** PŁATNOŚĆ KARTĄ 283.21 PLN BP WROCŁAW,,,-68.76,,
,09-08-2024,DOP. VISA **************** PŁATNOŚĆ KARTĄ 136.7 PLN LOT WROCŁAW,,,-115.86,,
,12-05-2025,DOP. VISA **************** PŁATNOŚĆ KARTĄ 184.87 PLN KFC WROCŁAW,,,-131.42,,
,17-02-2025,DOP. VISA **************** PŁATNOŚĆ KARTĄ 33.06 PLN TOP-UP WROCŁAW,,,-32.18,,
,01-05-2025,DOP. VISA **************** PŁATNOŚĆ KARTĄ 189.11 PLN LOT WROCŁAW,,,-170.11,,
,03-11-2024,DOP. VISA **************** PŁATNOŚĆ KARTĄ 116.72 PLN TOP-UP WROCŁAW,,,-273.5,,
,05-03-2025,DOP. VISA **************** PŁATNOŚĆ KARTĄ 102.37 PLN HBO WROCŁAW,,,-31.53,,
,24-05-2025,DOP. VISA **************** PŁATNOŚĆ KARTĄ 113.18 PLN ZDROWIE WROCŁAW,,,-33.6,,
,02-12-2024,DOP. VISA **************** PŁATNOŚĆ KARTĄ 236.93 PLN SHELL WROCŁAW,,,-222.04,,
,25-04-2025,DOP. VISA **************** PŁATNOŚĆ KARTĄ 239.26 PLN OPENAI WROCŁAW,,,-234.57,,
,30-12-2024,DOP. VISA **************** PŁATNOŚĆ KARTĄ 85.47 PLN BIEDRONKA WROCŁAW,,,-288.8,,
,12-11-2024,DOP. VISA **************** PŁATNOŚĆ KARTĄ 83.06 PLN PARKING WROCŁAW,,,-11.82,,
,17-12-2024,DOP. VISA **************** PŁATNOŚĆ KARTĄ 92.26 PLN BP WROCŁAW,,,-116.32,,
,27-07-2025,DOP. VISA **************** PŁATNOŚĆ KARTĄ 260.31 PLN OPŁATA WROCŁAW,,,-116.94,,
,15-02-2025,DOP. VISA **************** PŁATNOŚĆ KARTĄ 182.09 PLN XTB WROCŁAW,,,-121.69,,
,20-02-2025,DOP. VISA **************** PŁATNOŚĆ KARTĄ 258.77 PLN PROWIZJA WROCŁAW,,,-268.05,,
,11-05-2025,DOP. VISA **************** PŁATNOŚĆ KARTĄ 215.48 PLN DEALZ WROCŁAW,,,-292.57,,
,14-06-2025,DOP. VISA **************** PŁATNOŚĆ KARTĄ 87.15 PLN PRZELEW NA TELEFON WROCŁAW,,,-173.19,,
,23-06-2025,DOP. VISA **************** PŁATNOŚĆ KARTĄ 245.91 PLN DOŁADOWANIE WROCŁAW,,,-20.69,,
,18-01-2025,DOP. VISA **************** PŁATNOŚĆ KARTĄ 185.14 PLN GIEŁDA WROCŁAW,,,-284.69,,
,22-07-2025,DOP. VISA **************** PŁATNOŚĆ KARTĄ 99.09 PLN ZARA WROCŁAW,,,-60.48,,
,07-02-2025,DOP. VISA **************** PŁATNOŚĆ KARTĄ 156.77 PLN GASTRO WROCŁAW,,,-70.57,,
,20-01-2025,DOP. VISA **************** PŁATNOŚĆ KARTĄ 50.45 PLN ENERGA WROCŁAW,,,-206.21,,
,13-09-2024,DOP. VISA **************** PŁATNOŚĆ KARTĄ 105.76 PLN BIEDRONKA WROCŁAW,,,-52.95,,
,27-11-2024,DOP. VISA **************** PŁATNOŚĆ KARTĄ 288.14 PLN PRZELEW NA TELEFON WROCŁAW,,,-245.17,,
,16-02-2025,DOP. VISA **************** PŁATNOŚĆ KARTĄ 145.7 PLN BANK FEE WROCŁAW,,,-297.36,,
,31-07-2025,DOP. VISA **************** PŁATNOŚĆ KARTĄ 8.82 PLN PRZEKAZANIE ŚRODKÓW WROCŁAW,,,-23.12,,
,20-11-2024,DOP. VISA **************** PŁATNOŚĆ KARTĄ 170.73 PLN PASIBUS WROCŁAW,,,-80.97,,
,29-07-2025,DOP. VISA **************** PŁATNOŚĆ KARTĄ 279.85 PLN LEKARZ WROCŁAW,,,-90.79,,
,08-09-2024,DOP. VISA **************** PŁATNOŚĆ KARTĄ 172.84 PLN CHINKALNIA WROCŁAW,,,-33.55,,
,18-05-2025,DOP. VISA **************** PŁATNOŚĆ KARTĄ 20.14 PLN DOŁADOWANIE WROCŁAW,,,-41.28,,
,06-09-2024,DOP. VISA **************** PŁATNOŚĆ KARTĄ 67.6 PLN BADANIE WROCŁAW,,,-258.75,,
,29-08-2024,DOP. VISA **************** PŁATNOŚĆ KARTĄ 131.37 PLN DISNEY WROCŁAW,,,-67.1,,
,27-12-2024,DOP. VISA **************** PŁATNOŚĆ KARTĄ 295.7 PLN OPŁATA WROCŁAW,,,-92.68,,
,27-02-2025,DOP. VISA **************** PŁATNOŚĆ KARTĄ 15.23 PLN ORLEN WROCŁAW,,,-124.08,,
,16-08-2024,DOP. VISA **************** PŁATNOŚĆ KARTĄ 241.74 PLN SHELL WROCŁAW,,,-86.36,,
,28-04-2025,DOP. VISA **************** PŁATNOŚĆ KARTĄ 163.05 PLN PULL & BEAR WROCŁAW,,,-128.12,,
,12-04-2025,DOP. VISA **************** PŁATNOŚĆ KARTĄ 9.32 PLN PRZELEW NA TELEFON WROCŁAW,,,-246.38,,
,25-03-2025,DOP. VISA **************** PŁATNOŚĆ KARTĄ 214.26 PLN XTB WROCŁAW,,,-30.26,,
,08-05-2025,DOP. VISA **************** PŁATNOŚĆ KARTĄ 46.04 PLN HBO WROCŁAW,,,-276.96,,
,21-01-2025,DOP. VISA **************** PŁATNOŚĆ KARTĄ 50.9 PLN TOP-UP WROCŁAW,,,-99.93,,
,20-04-2025,DOP. VISA **************** PŁATNOŚĆ KARTĄ 40.51 PLN UBER WROCŁAW,,,-279.12,,
,26-09-2024,DOP. VISA **************** PŁATNOŚĆ KARTĄ 40.81 PLN ENERGA WROCŁAW,,,-165.76,,
,19-10-2024,DOP. VISA **************** PŁATNOŚĆ KARTĄ 59.53 PLN PRZEKAZANIE ŚRODKÓW WROCŁAW,,,-134.38,,
,11-12-2024,DOP. VISA **************** PŁATNOŚĆ KARTĄ 67.82 PLN P24 WROCŁAW,,,-104.16,,
,14-07-2025,DOP. VISA **************** PŁATNOŚĆ KARTĄ 5.68 PLN HOTEL WROCŁAW,,,-54.75,,
,21-02-2025,DOP. VISA **************** PŁATNOŚĆ KARTĄ 77.23 PLN PRZELEW NA TELEFON WROCŁAW,,,-100.12,,
,27-11-2024,DOP. VISA **************** PŁATNOŚĆ KARTĄ 240.97 PLN MPK WROCŁAW,,,-87.2,,
,27-04-2025,DOP. VISA **************** PŁATNOŚĆ KARTĄ 209.51 PLN H&M WROCŁAW,,,-177.99,,
,28-05-2025,DOP. VISA **************** PŁATNOŚĆ KARTĄ 41.9 PLN ORLEN WROCŁAW,,,-131.09,,
,04-09-2024,DOP. VISA **************** PŁATNOŚĆ KARTĄ 150.53 PLN PARKING WROCŁAW,,,-76.48,,
,27-05-2025,DOP. VISA **************** PŁATNOŚĆ KARTĄ 92.15 PLN LEKARZ WROCŁAW,,,-97.76,,
,19-10-2024,DOP. VISA **************** PŁATNOŚĆ KARTĄ 118.54 PLN DEALZ WROCŁAW,,,-17.17,,
,31-10-2024,DOP. VISA **************** PŁATNOŚĆ KARTĄ 203.6 PLN TOP-UP WROCŁAW,,,-226.65,,
,15-11-2024,DOP. VISA **************** PŁATNOŚĆ KARTĄ 203.52 PLN BOLT WROCŁAW,,,-74.59,,
,10-01-2025,DOP. VISA **************** PŁATNOŚĆ KARTĄ 273.1 PLN PRZEKAZANIE ŚRODKÓW WROCŁAW,,,-149.7,,
,03-09-2024,DOP. VISA **************** PŁATNOŚĆ KARTĄ 234.14 PLN RACHUNEK NR WROCŁAW,,,-112.7,,
,02-08-2025,DOP. VISA **************** PŁATNOŚĆ KARTĄ 60.31 PLN PRZELEW NA TELEFON WROCŁAW,,,-39.29,,
,12-12-2024,DOP. VISA **************** PŁATNOŚĆ KARTĄ 27.32 PLN PARKING WROCŁAW,,,-124.4,,
,27-07-2025,DOP. VISA **************** PŁATNOŚĆ KARTĄ 29.55 PLN PRZEKAZANIE ŚRODKÓW WROCŁAW,,,-90.7,,
,08-04-2025,DOP. VISA **************** PŁATNOŚĆ KARTĄ 185.71 PLN PROWIZJA WROCŁAW,,,-254.44,,
,06-12-2024,DOP. VISA **************** PŁATNOŚĆ KARTĄ 182.38 PLN NIKE WROCŁAW,,,-81.95,,
,21-04-2025,DOP. VISA **************** PŁATNOŚĆ KARTĄ 177.66 PLN XTB WROCŁAW,,,-181.47,,
,30-06-2025,DOP. VISA **************** PŁATNOŚĆ KARTĄ 284.31 PLN MCDONALD WROCŁAW,,,-293.92,,
,18-04-2025,DOP. VISA **************** PŁATNOŚĆ KARTĄ 202.16 PLN H&M WROCŁAW,,,-63.49,,
,20-12-2024,DOP. VISA **************** PŁATNOŚĆ KARTĄ 234.17 PLN WYPŁATA WROCŁAW,,,-277.36,,
,29-12-2024,DOP. VISA **************** PŁATNOŚĆ KARTĄ 48.07 PLN GIEŁDA WROCŁAW,,,-78.96,,
,13-01-2025,DOP. VISA **************** PŁATNOŚĆ KARTĄ 31.84 PLN BOLT WROCŁAW,,,-88.55,,
,16-08-2024,DOP. VISA **************** PŁATNOŚĆ KARTĄ 261.26 PLN DOŁADOWANIE WROCŁAW,,,-89.82,,
,03-09-2024,DOP. VISA **************** PŁATNOŚĆ KARTĄ 74.44 PLN PRZELEW NA TELEFON WROCŁAW,,,-159.75,,
,07-04-2025,DOP. VISA **************** PŁATNOŚĆ KARTĄ 168.99 PLN POPEYES WROCŁAW,,,-251.32,,
,11-09-2024,DOP. VISA **************** PŁATNOŚĆ KARTĄ 84.27 PLN SHELL WROCŁAW,,,-163.11,,
,06-11-2024,DOP. VISA **************** PŁATNOŚĆ KARTĄ 279.7 PLN SHELL WROCŁAW,,,-127.72,,
,15-07-2025,DOP. VISA **************** PŁATNOŚĆ KARTĄ 247.64 PLN OPENAI WROCŁAW,,,-242.11,,
,02-12-2024,DOP. VISA **************** PŁATNOŚĆ KARTĄ 285.54 PLN MCDONALD WROCŁAW,,,-92.23,,
,07-10-2024,DOP. VISA **************** PŁATNOŚĆ KARTĄ 22.54 PLN PRZELEW NA TELEFON WROCŁAW,,,-17.46,,
,17-10-2024,DOP. VISA **************** PŁATNOŚĆ KARTĄ 44.46 PLN BP WROCŁAW,,,-280.31,,
,15-02-2025,DOP. VISA **************** PŁATNOŚĆ KARTĄ 258.67 PLN BP WROCŁAW,,,-212.52,,
,06-12-2024,DOP. VISA **************** PŁATNOŚĆ KARTĄ 5.87 PLN XTB WROCŁAW,,,-128.07,,
,25-10-2024,DOP. VISA **************** PŁATNOŚĆ KARTĄ 45.77 PLN BP WROCŁAW,,,-83.48,,
,21-07-2025,DOP. VISA **************** PŁATNOŚĆ KARTĄ 19.53 PLN WYPŁATA WROCŁAW,,,-85.51,,
,07-01-2025,DOP. VISA **************** PŁATNOŚĆ KARTĄ 256.76 PLN PAYU WROCŁAW,,,-255.78,,
,29-09-2024,DOP. VISA **************** PŁATNOŚĆ KARTĄ 238.77 PLN BUBBLE WROCŁAW,,,-29.78,,
,02-06-2025,DOP. VISA **************** PŁATNOŚĆ KARTĄ 135.52 PLN KFC WROCŁAW,,,-33.06,,
,13-10-2024,DOP. VISA **************** PŁATNOŚĆ KARTĄ 69.35 PLN APTEKA WROCŁAW,,,-236.49,,
,05-06-2025,DOP. VISA **************** PŁATNOŚĆ KARTĄ 17.99 PLN ORLEN WROCŁAW,,,-286.2,,
,09-08-2024,DOP. VISA **************** PŁATNOŚĆ KARTĄ 78.04 PLN AUCHAN WROCŁAW,,,-73.96,,
,04-12-2024,DOP. VISA **************** PŁATNOŚĆ KARTĄ 72.28 PLN ZARA WROCŁAW,,,-171.92,,
,09-11-2024,DOP. VISA **************** PŁATNOŚĆ KARTĄ 32.02 PLN BANK FEE WROCŁAW,,,-278.62,,
,11-06-2025,DOP. VISA **************** PŁATNOŚĆ KARTĄ 37.76 PLN DOŁADOWANIE WROCŁAW,,,-229.05,,
,08-05-2025,DOP. VISA **************** PŁATNOŚĆ KARTĄ 249.68 PLN LEKARZ WROCŁAW,,,-68.87,,
,03-02-2025,DOP. VISA **************** PŁATNOŚĆ KARTĄ 159.54 PLN MPK WROCŁAW,,,-225.78,,
,12-08-2024,DOP. VISA **************** PŁATNOŚĆ KARTĄ 283.05 PLN ALLEGRO WROCŁAW,,,-255.59,,
,03-02-2025,DOP. VISA **************** PŁATNOŚĆ KARTĄ 293.48 PLN GIEŁDA WROCŁAW,,,-77.88,,
,26-01-2025,DOP. VISA **************** PŁATNOŚĆ KARTĄ 135.72 PLN BANK FEE WROCŁAW,,,-189.5,,
,28-06-2025,DOP. VISA **************** PŁATNOŚĆ KARTĄ 229.88 PLN PULL & BEAR WROCŁAW,,,-299.1,,
,25-08-2024,DOP. VISA **************** PŁATNOŚĆ KARTĄ 123.94 PLN BADANIE WROCŁAW,,,-262.12,,
,03-08-2025,DOP. VISA **************** PŁATNOŚĆ KARTĄ 23.51 PLN WYPŁATA WROCŁAW,,,-126.75,,
,19-02-2025,DOP. VISA **************** PŁATNOŚĆ KARTĄ 115.19 PLN PRZEKAZANIE ŚRODKÓW WROCŁAW,,,-38.91,,
,02-10-2024,DOP. VISA **************** PŁATNOŚĆ KARTĄ 12.92 PLN OPŁATA WROCŁAW,,,-27.88,,
,20-08-2024,DOP. VISA **************** PŁATNOŚĆ KARTĄ 220.67 PLN PROWIZJA WROCŁAW,,,-264.53,,
,11-12-2024,DOP. VISA **************** PŁATNOŚĆ KARTĄ 249.92 PLN MCDONALD WROCŁAW,,,-70.84,,
,21-09-2024,DOP. VISA **************** PŁATNOŚĆ KARTĄ 28.88 PLN UPC WROCŁAW,,,-275.01,,
,06-10-2024,DOP. VISA **************** PŁATNOŚĆ KARTĄ 211.98 PLN PARKING WROCŁAW,,,-111.03,,
,25-02-2025,DOP. VISA **************** PŁATNOŚĆ KARTĄ 155.54 PLN SHELL WROCŁAW,,,-71.31,,
,13-10-2024,DOP. VISA **************** PŁATNOŚĆ KARTĄ 51.29 PLN BOOKING WROCŁAW,,,-182.69,,
,30-03-2025,DOP. VISA **************** PŁATNOŚĆ KARTĄ 294.03 PLN ORLEN WROCŁAW,,,-67.33,,
,24-12-2024,DOP. VISA **************** PŁATNOŚĆ KARTĄ 115.82 PLN OPŁATA WROCŁAW,,,-199.69,,
,25-11-2024,DOP. VISA **************** PŁATNOŚĆ KARTĄ 69.91 PLN BANK FEE WROCŁAW,,,-169.23,,
,13-10-2024,DOP. VISA **************** PŁATNOŚĆ KARTĄ 150.7 PLN SHELL WROCŁAW,,,-134.97,,
,03-10-2024,DOP. VISA **************** PŁATNOŚĆ KARTĄ 117.7 PLN ZABKA WROCŁAW,,,-109.95,,
,08-03-2025,DOP. VISA **************** PŁATNOŚĆ KARTĄ 206.2 PLN CCC WROCŁAW,,,-150.29,,
,09-09-2024,DOP. VISA **************** PŁATNOŚĆ KARTĄ 193.29 PLN ORLEN WROCŁAW,,,-116.95,,
,27-09-2024,DOP. VISA **************** PŁATNOŚĆ KARTĄ 275.18 PLN PRZELEW NA TELEFON WROCŁAW,,,-296.16,,
,22-11-2024,DOP. VISA **************** PŁATNOŚĆ KARTĄ 207.27 PLN PODROZY WROCŁAW,,,-74.87,,
,11-10-2024,DOP. VISA **************** PŁATNOŚĆ KARTĄ 22.82 PLN BOOKING WROCŁAW,,,-91.58,,
,10-02-2025,DOP. VISA **************** PŁATNOŚĆ KARTĄ 134.12 PLN DOŁADOWANIE WROCŁAW,,,-275.63,,
,30-05-2025,DOP. VISA **************** PŁATNOŚĆ KARTĄ 102.88 PLN PRZELEW NA TELEFON WROCŁAW,,,-40.85,,
,25-01-2025,DOP. VISA **************** PŁATNOŚĆ KARTĄ 230.68 PLN NETFLIX WROCŁAW,,,-189.45,,
,28-04-2025,DOP. VISA **************** PŁATNOŚĆ KARTĄ 129.2 PLN BADANIE WROCŁAW,,,-69.97,,
,18-08-2024,DOP. VISA **************** PŁATNOŚĆ KARTĄ 98.98 PLN ENERGA WROCŁAW,,,-41.2,,
,15-04-2025,DOP. VISA **************** PŁATNOŚĆ KARTĄ 120.15 PLN PULL & BEAR WROCŁAW,,,-15.61,,
,03-08-2025,DOP. VISA **************** PŁATNOŚĆ KARTĄ 238.79 PLN LEKARZ WROCŁAW,,,-198.46,,
,05-04-2025,DOP. VISA **************** PŁATNOŚĆ KARTĄ 264.64 PLN PGNiG WROCŁAW,,,-190.5,,
,02-07-2025,DOP. VISA **************** PŁATNOŚĆ KARTĄ 194.56 PLN BP WROCŁAW,,,-122.71,,
,12-10-2024,DOP. VISA **************** PŁATNOŚĆ KARTĄ 44.8 PLN PARKING WROCŁAW,,,-40.99,,
,23-05-2025,DOP. VISA **************** PŁATNOŚĆ KARTĄ 290.43 PLN ZDROWIE WROCŁAW,,,-294.99,,
,19-12-2024,DOP. VISA **************** PŁATNOŚĆ KARTĄ 129.04 PLN XTB WROCŁAW,,,-166.9,,
,13-08-2024,DOP. VISA **************** PŁATNOŚĆ KARTĄ 145.11 PLN SPOTIFY WROCŁAW,,,-59.84,,
,16-05-2025,DOP. VISA **************** PŁATNOŚĆ KARTĄ 222.01 PLN WYPŁATA WROCŁAW,,,-92.86,,
,25-10-2024,DOP. VISA **************** PŁATNOŚĆ KARTĄ 104.05 PLN HOTEL WROCŁAW,,,-212.24,,
,13-08-2024,DOP. VISA **************** PŁATNOŚĆ KARTĄ 175.47 PLN TOP-UP WROCŁAW,,,-82.41,,
,08-01-2025,DOP. VISA **************** PŁATNOŚĆ KARTĄ 132.46 PLN ORLEN WROCŁAW,,,-113.71,,
,27-08-2024,DOP. VISA **************** PŁATNOŚĆ KARTĄ 297.94 PLN PRZEKAZANIE ŚRODKÓW WROCŁAW,,,-157.99,,
,06-12-2024,DOP. VISA **************** PŁATNOŚĆ KARTĄ 166.31 PLN P24 WROCŁAW,,,-193.27,,
,05-08-2024,DOP. VISA **************** PŁATNOŚĆ KARTĄ 195.99 PLN ORLEN WROCŁAW,,,-299.43,,
,07-06-2025,DOP. VISA **************** PŁATNOŚĆ KARTĄ 62.94 PLN DOŁADOWANIE WROCŁAW,,,-65.81,,
,05-11-2024,DOP. VISA **************** PŁATNOŚĆ KARTĄ 38.23 PLN JD WROCŁAW,,,-84.21,,
,05-04-2025,DOP. VISA **************** PŁATNOŚĆ KARTĄ 207.01 PLN SPOTIFY WROCŁAW,,,-177.25,,
,28-01-2025,DOP. VISA **************** PŁATNOŚĆ KARTĄ 149.75 PLN BLIK WROCŁAW,,,-152.85,,
,08-04-2025,DOP. VISA **************** PŁATNOŚĆ KARTĄ 107.52 PLN LEKARZ WROCŁAW,,,-105.18,,
,12-05-2025,DOP. VISA **************** PŁATNOŚĆ KARTĄ 177.21 PLN BOOKING WROCŁAW,,,-285.2,,
,02-07-2025,DOP. VISA **************** PŁATNOŚĆ KARTĄ 128.22 PLN APTEKA WROCŁAW,,,-219.11,,
,17-03-2025,DOP. VISA **************** PŁATNOŚĆ KARTĄ 289.67 PLN ENERGA WROCŁAW,,,-156.42,,
,11-11-2024,DOP. VISA **************** PŁATNOŚĆ KARTĄ 222.61 PLN GIEŁDA WROCŁAW,,,-138.26,,
,28-06-2025,DOP. VISA **************** PŁATNOŚĆ KARTĄ 150.15 PLN UPC WROCŁAW,,,-298.37,,
,10-11-2024,DOP. VISA **************** PŁATNOŚĆ KARTĄ 54.48 PLN BP WROCŁAW,,,-176.74,,
,01-04-2025,DOP. VISA **************** PŁATNOŚĆ KARTĄ 83.94 PLN ORLEN WROCŁAW,,,-39.46,,
,29-04-2025,DOP. VISA **************** PŁATNOŚĆ KARTĄ 60.27 PLN GIEŁDA WROCŁAW,,,-163.95,,
,03-11-2024,DOP. VISA **************** PŁATNOŚĆ KARTĄ 273.29 PLN GIEŁDA WROCŁAW,,,-216.91,,
,19-02-2025,DOP. VISA **************** PŁATNOŚĆ KARTĄ 136.01 PLN ENERGA WROCŁAW,,,-197.62,,
,04-04-2025,DOP. VISA **************** PŁATNOŚĆ KARTĄ 256.54 PLN BP WROCŁAW,,,-63.95,,
,02-03-2025,DOP. VISA **************** PŁATNOŚĆ KARTĄ 139.72 PLN DISNEY WROCŁAW,,,-46.13,,
,17-10-2024,DOP. VISA **************** PŁATNOŚĆ KARTĄ 290.76 PLN GIEŁDA WROCŁAW,,,-52.38,,
,18-05-2025,DOP. VISA **************** PŁATNOŚĆ KARTĄ 214.27 PLN HBO WROCŁAW,,,-45.08,,
,19-05-2025,DOP. VISA **************** PŁATNOŚĆ KARTĄ 65.03 PLN HBO WROCŁAW,,,-213.52,,
,11-06-2025,DOP. VISA **************** PŁATNOŚĆ KARTĄ 157.78 PLN XTB WROCŁAW,,,-29.56,,
,30-01-2025,DOP. VISA **************** PŁATNOŚĆ KARTĄ 269.73 PLN PRIMARK WROCŁAW,,,-189.11,,
,27-11-2024,DOP. VISA **************** PŁATNOŚĆ KARTĄ 136.5 PLN TOP-UP WROCŁAW,,,-173.83,,
,10-01-2025,DOP. VISA **************** PŁATNOŚĆ KARTĄ 42.9 PLN MCDONALD WROCŁAW,,,-299.26,,
,21-07-2025,DOP. VISA **************** PŁATNOŚĆ KARTĄ 168.65 PLN PRZEKAZANIE ŚRODKÓW WROCŁAW,,,-270.51,,
,03-05-2025,DOP. VISA **************** PŁATNOŚĆ KARTĄ 158.22 PLN GIEŁDA WROCŁAW,,,-91.75,,
,01-05-2025,DOP. VISA **************** PŁATNOŚĆ KARTĄ 103.66 PLN DINO WROCŁAW,,,-60.98,,
,13-12-2024,DOP. VISA **************** PŁATNOŚĆ KARTĄ 5.66 PLN DOŁADOWANIE WROCŁAW,,,-162.22,,
,16-07-2025,DOP. VISA **************** PŁATNOŚĆ KARTĄ 265.98 PLN CCC WROCŁAW,,,-99.38,,
,12-01-2025,DOP. VISA **************** PŁATNOŚĆ KARTĄ 14.04 PLN OPENAI WROCŁAW,,,-269.54,,
,31-12-2024,DOP. VISA **************** PŁATNOŚĆ KARTĄ 154.44 PLN AUCHAN WROCŁAW,,,-179.86,,
,03-07-2025,DOP. VISA **************** PŁATNOŚĆ KARTĄ 153.55 PLN OPENAI WROCŁAW,,,-260.15,,
,16-10-2024,DOP. VISA **************** PŁATNOŚĆ KARTĄ 291.19 PLN PAYU WROCŁAW,,,-292.35,,
,18-05-2025,DOP. VISA **************** PŁATNOŚĆ KARTĄ 199.56 PLN APTEKA WROCŁAW,,,-173.29,,
,14-09-2024,DOP. VISA **************** PŁATNOŚĆ KARTĄ 286.39 PLN WYPŁATA WROCŁAW,,,-228.45,,
,16-07-2025,DOP. VISA **************** PŁATNOŚĆ KARTĄ 44.96 PLN GIEŁDA WROCŁAW,,,-99.01,,
,01-03-2025,DOP. VISA **************** PŁATNOŚĆ KARTĄ 139.31 PLN BOOKING WROCŁAW,,,-204.55,,
,07-04-2025,DOP. VISA **************** PŁATNOŚĆ KARTĄ 10.2 PLN PRZEKAZANIE ŚRODKÓW WROCŁAW,,,-48.76,,
,15-12-2024,DOP. VISA **************** PŁATNOŚĆ KARTĄ 41.93 PLN ENERGA WROCŁAW,,,-55.79,,
,13-08-2024,DOP. VISA **************** PŁATNOŚĆ KARTĄ 109.62 PLN PRZEKAZANIE ŚRODKÓW WROCŁAW,,,-117.06,,
,23-08-2024,DOP. VISA **************** PŁATNOŚĆ KARTĄ 279.75 PLN UBER WROCŁAW,,,-255.09,,
,25-08-2024,DOP. VISA **************** PŁATNOŚĆ KARTĄ 54.98 PLN VECTRA WROCŁAW,,,-267.28,,
,14-02-2025,DOP. VISA **************** PŁATNOŚĆ KARTĄ 61.5 PLN NETFLIX WROCŁAW,,,-106.87,,
,18-05-2025,DOP. VISA **************** PŁATNOŚĆ KARTĄ 224.55 PLN OPŁATA WROCŁAW,,,-208.27,,
,26-08-2024,DOP. VISA **************** PŁATNOŚĆ KARTĄ 231.61 PLN KFC WROCŁAW,,,-135.2,,
,29-11-2024,DOP. VISA **************** PŁATNOŚĆ KARTĄ 149.34 PLN BANK FEE WROCŁAW,,,-157.19,,
,10-08-2024,DOP. VISA **************** PŁATNOŚĆ KARTĄ 53.08 PLN PRZEKAZANIE ŚRODKÓW WROCŁAW,,,-175.05,,
,09-08-2024,DOP. VISA **************** PŁATNOŚĆ KARTĄ 45.03 PLN WYPŁATA WROCŁAW,,,-53.83,,
,05-08-2024,DOP. VISA **************** PŁATNOŚĆ KARTĄ 32.59 PLN VECTRA WROCŁAW,,,-26.68,,
,12-07-2025,DOP. VISA **************** PŁATNOŚĆ KARTĄ 215.03 PLN BLIK WROCŁAW,,,-17.91,,
,14-04-2025,DOP. VISA **************** PŁATNOŚĆ KARTĄ 103.09 PLN CHINKALNIA WROCŁAW,,,-245.17,,
,02-07-2025,DOP. VISA **************** PŁATNOŚĆ KARTĄ 66.75 PLN PRZEKAZANIE ŚRODKÓW WROCŁAW,,,-156.79,,
,10-04-2025,DOP. VISA **************** PŁATNOŚĆ KARTĄ 237.79 PLN TOP-UP WROCŁAW,,,-102.35,,
,06-09-2024,DOP. VISA **************** PŁATNOŚĆ KARTĄ 285.05 PLN SHELL WROCŁAW,,,-82.69,,
,02-07-2025,DOP. VISA **************** PŁATNOŚĆ KARTĄ 269.01 PLN POPEYES WROCŁAW,,,-233.82,,
,27-08-2024,DOP. VISA **************** PŁATNOŚĆ KARTĄ 232.16 PLN PIEKARNIA WROCŁAW,,,-70.68,,
,19-03-2025,DOP. VISA **************** PŁATNOŚĆ KARTĄ 46.54 PLN ZABKA WROCŁAW,,,-162.95,,
,01-03-2025,DOP. VISA **************** PŁATNOŚĆ KARTĄ 12.49 PLN BANK FEE WROCŁAW,,,-168.1,,
,21-10-2024,DOP. VISA **************** PŁATNOŚĆ KARTĄ 92.83 PLN PRZEKAZANIE ŚRODKÓW WROCŁAW,,,-85.81,,
,29-12-2024,DOP. VISA **************** PŁATNOŚĆ KARTĄ 132.27 PLN LOT WROCŁAW,,,-141.28,,
,02-09-2024,DOP. VISA **************** PŁATNOŚĆ KARTĄ 25.31 PLN BIEDRONKA WROCŁAW,,,-124.17,,
,30-11-2024,DOP. VISA **************** PŁATNOŚĆ KARTĄ 95.19 PLN WYPŁATA WROCŁAW,,,-33.3,,
,10-02-2025,DOP. VISA **************** PŁATNOŚĆ KARTĄ 31.67 PLN XTB WROCŁAW,,,-220.55,,
,18-02-2025,DOP. VISA **************** PŁATNOŚĆ KARTĄ 150.97 PLN PRIMARK WROCŁAW,,,-99.69,,
,25-09-2024,DOP. VISA **************** PŁATNOŚĆ KARTĄ 237.21 PLN BLIK WROCŁAW,,,-157.95,,
,30-06-2025,DOP. VISA **************** PŁATNOŚĆ KARTĄ 150.87 PLN BERSHKA WROCŁAW,,,-162.59,,
,03-10-2024,DOP. VISA **************** PŁATNOŚĆ KARTĄ 243.19 PLN PRZEKAZANIE ŚRODKÓW WROCŁAW,,,-240.92,,
,04-10-2024,DOP. VISA **************** PŁATNOŚĆ KARTĄ 14.84 PLN PARKING WROCŁAW,,,-231.4,,
,12-10-2024,DOP. VISA **************** PŁATNOŚĆ KARTĄ 30.22 PLN MPK WROCŁAW,,,-63.88,,
,06-10-2024,DOP. VISA **************** PŁATNOŚĆ KARTĄ 75.65 PLN HBO WROCŁAW,,,-175.3,,
,06-05-2025,DOP. VISA **************** PŁATNOŚĆ KARTĄ 150.46 PLN TOP-UP WROCŁAW,,,-146.13,,
,27-05-2025,DOP. VISA **************** PŁATNOŚĆ KARTĄ 66.57 PLN MPK WROCŁAW,,,-147.84,,
,30-05-2025,DOP. VISA **************** PŁATNOŚĆ KARTĄ 263.83 PLN PULL & BEAR WROCŁAW,,,-278.89,,
,10-10-2024,DOP. VISA **************** PŁATNOŚĆ KARTĄ 113.2 PLN BANK FEE WROCŁAW,,,-222.11,,
,01-03-2025,DOP. VISA **************** PŁATNOŚĆ KARTĄ 233.52 PLN PGNiG WROCŁAW,,,-58.86,,
,09-02-2025,DOP. VISA **************** PŁATNOŚĆ KARTĄ 281.53 PLN UBER WROCŁAW,,,-179.62,,
,27-05-2025,DOP. VISA **************** PŁATNOŚĆ KARTĄ 253.81 PLN PRZEKAZANIE ŚRODKÓW WROCŁAW,,,-101.82,,
,28-02-2025,DOP. VISA **************** PŁATNOŚĆ KARTĄ 62.89 PLN PGNiG WROCŁAW,,,-65.48,,
,09-10-2024,DOP. VISA **************** PŁATNOŚĆ KARTĄ 110.38 PLN GIEŁDA WROCŁAW,,,-271.57,,
,02-05-2025,DOP. VISA **************** PŁATNOŚĆ KARTĄ 26.39 PLN MPK WROCŁAW,,,-43.34,,
,13-09-2024,DOP. VISA **************** PŁATNOŚĆ KARTĄ 219.64 PLN DOŁADOWANIE WROCŁAW,,,-65.32,,
,13-03-2025,DOP. VISA **************** PŁATNOŚĆ KARTĄ 212.48 PLN HOTEL WROCŁAW,,,-9.86,,
,24-04-2025,DOP. VISA **************** PŁATNOŚĆ KARTĄ 52.6 PLN PROWIZJA WROCŁAW,,,-75.26,,
,13-11-2024,DOP. VISA **************** PŁATNOŚĆ KARTĄ 59.36 PLN ZDROWIE WROCŁAW,,,-38.28,,
,06-01-2025,DOP. VISA **************** PŁATNOŚĆ KARTĄ 75.93 PLN ORLEN WROCŁAW,,,-297.26,,
,28-07-2025,DOP. VISA **************** PŁATNOŚĆ KARTĄ 236.61 PLN OPŁATA WROCŁAW,,,-258.33,,
,01-03-2025,DOP. VISA **************** PŁATNOŚĆ KARTĄ 86.81 PLN OPŁATA WROCŁAW,,,-134.73,,
,28-03-2025,DOP. VISA **************** PŁATNOŚĆ KARTĄ 95.31 PLN RYANAIR WROCŁAW,,,-206.97,,
,08-01-2025,DOP. VISA **************** PŁATNOŚĆ KARTĄ 206.41 PLN WYPŁATA WROCŁAW,,,-76.24,,
,23-07-2025,DOP. VISA **************** PŁATNOŚĆ KARTĄ 51.74 PLN RYANAIR WROCŁAW,,,-199.26,,
,10-12-2024,DOP. VISA **************** PŁATNOŚĆ KARTĄ 72.64 PLN BLIK WROCŁAW,,,-291.17,,
,03-01-2025,DOP. VISA **************** PŁATNOŚĆ KARTĄ 208.93 PLN PAYU WROCŁAW,,,-87.99,,
,25-04-2025,DOP. VISA **************** PŁATNOŚĆ KARTĄ 293.25 PLN PRZEKAZANIE ŚRODKÓW WROCŁAW,,,-92.8,,
,21-09-2024,DOP. VISA **************** PŁATNOŚĆ KARTĄ 51.03 PLN ORLEN WROCŁAW,,,-237.02,,
,05-04-2025,DOP. VISA **************** PŁATNOŚĆ KARTĄ 185.95 PLN RACHUNEK NR WROCŁAW,,,-258.73,,
,21-09-2024,DOP. VISA **************** PŁATNOŚĆ KARTĄ 274.25 PLN BOLT WROCŁAW,,,-163.21,,
,29-01-2025,DOP. VISA **************** PŁATNOŚĆ KARTĄ 116.29 PLN BIEDRONKA WROCŁAW,,,-5.86,,
,19-11-2024,DOP. VISA **************** PŁATNOŚĆ KARTĄ 16.04 PLN PRZEKAZANIE ŚRODKÓW WROCŁAW,,,-293.64,,
,21-04-2025,DOP. VISA **************** PŁATNOŚĆ KARTĄ 122.29 PLN WYPŁATA WROCŁAW,,,-277.13,,
,22-09-2024,DOP. VISA **************** PŁATNOŚĆ KARTĄ 229.93 PLN RACHUNEK NR WROCŁAW,,,-103.02,,
,21-10-2024,DOP. VISA **************** PŁATNOŚĆ KARTĄ 247.57 PLN BOLT WROCŁAW,,,-274.44,,
,25-04-2025,DOP. VISA **************** PŁATNOŚĆ KARTĄ 58.21 PLN PRZELEW NA TELEFON WROCŁAW,,,-59.28,,
,15-02-2025,DOP. VISA **************** PŁATNOŚĆ KARTĄ 285.23 PLN RACHUNEK NR WROCŁAW,,,-62.66,,
,23-10-2024,DOP. VISA **************** PŁATNOŚĆ KARTĄ 262.84 PLN RACHUNEK NR WROCŁAW,,,-42.79,,
,11-07-2025,DOP. VISA **************** PŁATNOŚĆ KARTĄ 61.14 PLN DOŁADOWANIE WROCŁAW,,,-251.4,,
,29-07-2025,DOP. VISA **************** PŁATNOŚĆ KARTĄ 110.7 PLN PODROZY WROCŁAW,,,-193.9,,
,28-04-2025,DOP. VISA **************** PŁATNOŚĆ KARTĄ 154.06 PLN OLX WROCŁAW,,,-43.47,,
,13-10-2024,DOP. VISA **************** PŁATNOŚĆ KARTĄ 105.8 PLN BP WROCŁAW,,,-58.98,,
,03-08-2024,DOP. VISA **************** PŁATNOŚĆ KARTĄ 74.98 PLN DOŁADOWANIE WROCŁAW,,,-97.37,,
,20-08-2024,DOP. VISA **************** PŁATNOŚĆ KARTĄ 152.12 PLN SHELL WROCŁAW,,,-11.82,,
,19-12-2024,DOP. VISA **************** PŁATNOŚĆ KARTĄ 183.35 PLN AMAZON WROCŁAW,,,-191.99,,
,14-08-2024,DOP. VISA **************** PŁATNOŚĆ KARTĄ 202.75 PLN PRZEKAZANIE ŚRODKÓW WROCŁAW,,,-206.03,,
,04-08-2024,DOP. VISA **************** PŁATNOŚĆ KARTĄ 125.87 PLN PARKING WROCŁAW,,,-120.89,,
,01-02-2025,DOP. VISA **************** PŁATNOŚĆ KARTĄ 8.17 PLN JD WROCŁAW,,,-136.13,,
,24-06-2025,DOP. VISA **************** PŁATNOŚĆ KARTĄ 134.78 PLN BIEDRONKA WROCŁAW,,,-221.36,,
,01-10-2024,DOP. VISA **************** PŁATNOŚĆ KARTĄ 170.74 PLN MPK WROCŁAW,,,-273.37,,
,22-10-2024,DOP. VISA **************** PŁATNOŚĆ KARTĄ 136.69 PLN PARKING WROCŁAW,,,-74.65,,
,11-03-2025,DOP. VISA **************** PŁATNOŚĆ KARTĄ 74.96 PLN RACHUNEK NR WROCŁAW,,,-117.38,,
,23-01-2025,DOP. VISA **************** PŁATNOŚĆ KARTĄ 75.3 PLN TOP-UP WROCŁAW,,,-143.56,,
,13-05-2025,DOP. VISA **************** PŁATNOŚĆ KARTĄ 264.14 PLN TOP-UP WROCŁAW,,,-225.34,,
,20-10-2024,DOP. VISA **************** PŁATNOŚĆ KARTĄ 143.55 PLN DISNEY WROCŁAW,,,-240.78,,
,24-01-2025,DOP. VISA **************** PŁATNOŚĆ KARTĄ 248.73 PLN HOTEL WROCŁAW,,,-236.63,,
,26-05-2025,DOP. VISA **************** PŁATNOŚĆ KARTĄ 67.9 PLN ENERGA WROCŁAW,,,-245.26,,
,08-08-2024,DOP. VISA **************** PŁATNOŚĆ KARTĄ 106.25 PLN LOT WROCŁAW,,,-263.55,,
,12-05-2025,DOP. VISA **************** PŁATNOŚĆ KARTĄ 163.64 PLN ZDROWIE WROCŁAW,,,-147.14,,
,01-07-2025,DOP. VISA **************** PŁATNOŚĆ KARTĄ 252.07 PLN UBER WROCŁAW,,,-97.46,,
,06-08-2024,DOP. VISA **************** PŁATNOŚĆ KARTĄ 132.82 PLN VECTRA WROCŁAW,,,-58.43,,
,09-11-2024,DOP. VISA **************** PŁATNOŚĆ KARTĄ 266.2 PLN P24 WROCŁAW,,,-182.94,,
,08-12-2024,DOP. VISA **************** PŁATNOŚĆ KARTĄ 159.46 PLN OPŁATA WROCŁAW,,,-155.8,,
,15-12-2024,DOP. VISA **************** PŁATNOŚĆ KARTĄ 298.18 PLN XTB WROCŁAW,,,-61.05,,
,21-04-2025,DOP. VISA **************** PŁATNOŚĆ KARTĄ 93.78 PLN AUCHAN WROCŁAW,,,-64.73,,
,23-05-2025,DOP. VISA **************** PŁATNOŚĆ KARTĄ 133.05 PLN BLIK WROCŁAW,,,-16.89,,
,01-08-2025,DOP. VISA **************** PŁATNOŚĆ KARTĄ 27.14 PLN PROWIZJA WROCŁAW,,,-81.3,,
,29-09-2024,DOP. VISA **************** PŁATNOŚĆ KARTĄ 198.87 PLN PGNiG WROCŁAW,,,-65.72,,
,23-09-2024,DOP. VISA **************** PŁATNOŚĆ KARTĄ 170.75 PLN SHELL WROCŁAW,,,-92.1,,
,29-05-2025,DOP. VISA **************** PŁATNOŚĆ KARTĄ 30.43 PLN NETFLIX WROCŁAW,,,-175.34,,
,05-02-2025,DOP. VISA **************** PŁATNOŚĆ KARTĄ 272.37 PLN APTEKA WROCŁAW,,,-144.45,,
,16-10-2024,DOP. VISA **************** PŁATNOŚĆ KARTĄ 256.78 PLN GASTRO WROCŁAW,,,-13.38,,
,05-06-2025,DOP. VISA **************** PŁATNOŚĆ KARTĄ 276.82 PLN XTB WROCŁAW,,,-289.89,,
,02-12-2024,DOP. VISA **************** PŁATNOŚĆ KARTĄ 32.53 PLN AMAZON WROCŁAW,,,-33.05,,
,17-01-2025,DOP. VISA **************** PŁATNOŚĆ KARTĄ 135.68 PLN APTEKA WROCŁAW,,,-59.19,,
,07-02-2025,DOP. VISA **************** PŁATNOŚĆ KARTĄ 200.71 PLN ZABKA WROCŁAW,,,-203.44,,
,16-02-2025,DOP. VISA **************** PŁATNOŚĆ KARTĄ 196.7 PLN BOLT WROCŁAW,,,-247.88,,
,11-10-2024,DOP. VISA **************** PŁATNOŚĆ KARTĄ 20.31 PLN OLX WROCŁAW,,,-268.42,,
,23-12-2024,DOP. VISA **************** PŁATNOŚĆ KARTĄ 235.35 PLN ORLEN WROCŁAW,,,-48.86,,
,20-07-2025,DOP. VISA **************** PŁATNOŚĆ KARTĄ 139.76 PLN BOLT WROCŁAW,,,-273.5,,
,11-04-2025,DOP. VISA **************** PŁATNOŚĆ KARTĄ 49.77 PLN ZARA WROCŁAW,,,-84.66,,
,19-08-2024,DOP. VISA **************** PŁATNOŚĆ KARTĄ 199.96 PLN DINO WROCŁAW,,,-198.65,,
,20-05-2025,DOP. VISA **************** PŁATNOŚĆ KARTĄ 235.71 PLN DEALZ WROCŁAW,,,-155.85,,
,23-05-2025,DOP. VISA **************** PŁATNOŚĆ KARTĄ 54.35 PLN LEKARZ WROCŁAW,,,-255.9,,
,30-12-2024,DOP. VISA **************** PŁATNOŚĆ KARTĄ 37.08 PLN APTEKA WROCŁAW,,,-288.56,,
,16-05-2025,DOP. VISA **************** PŁATNOŚĆ KARTĄ 26.49 PLN GASTRO WROCŁAW,,,-209.22,,
,21-08-2024,DOP. VISA **************** PŁATNOŚĆ KARTĄ 107.3 PLN OPŁATA WROCŁAW,,,-142.88,,
,27-09-2024,DOP. VISA **************** PŁATNOŚĆ KARTĄ 256.72 PLN ENERGA WROCŁAW,,,-56.05,,
,22-01-2025,DOP. VISA **************** PŁATNOŚĆ KARTĄ 52.58 PLN PROWIZJA WROCŁAW,,,-277.26,,
,30-11-2024,DOP. VISA **************** PŁATNOŚĆ KARTĄ 28.47 PLN XTB WROCŁAW,,,-30.94,,
,27-02-2025,DOP. VISA **************** PŁATNOŚĆ KARTĄ 178.55 PLN PROWIZJA WROCŁAW,,,-134.8,,
,24-07-2025,DOP. VISA **************** PŁATNOŚĆ KARTĄ 105.76 PLN PRZELEW NA TELEFON WROCŁAW,,,-135.77,,
,02-09-2024,DOP. VISA **************** PŁATNOŚĆ KARTĄ 99.09 PLN HBO WROCŁAW,,,-230.85,,
,15-07-2025,DOP. VISA **************** PŁATNOŚĆ KARTĄ 194.14 PLN BLIK WROCŁAW,,,-257.85,,
,29-03-2025,DOP. VISA **************** PŁATNOŚĆ KARTĄ 202.49 PLN PRZEKAZANIE ŚRODKÓW WROCŁAW,,,-292.04,,
,31-08-2024,DOP. VISA **************** PŁATNOŚĆ KARTĄ 133.57 PLN SHELL WROCŁAW,,,-251.7,,
,19-01-2025,DOP. VISA **************** PŁATNOŚĆ KARTĄ 287.26 PLN BLIK WROCŁAW,,,-44.59,,
,09-08-2024,DOP. VISA **************** PŁATNOŚĆ KARTĄ 247.95 PLN XTB WROCŁAW,,,-245.86,,
,18-09-2024,DOP. VISA **************** PŁATNOŚĆ KARTĄ 22.46 PLN BADANIE WROCŁAW,,,-24.62,,
,14-02-2025,DOP. VISA **************** PŁATNOŚĆ KARTĄ 263.75 PLN BANK FEE WROCŁAW,,,-98.16,,
,07-07-2025,DOP. VISA **************** PŁATNOŚĆ KARTĄ 285.84 PLN ZABKA WROCŁAW,,,-17.5,,
,04-12-2024,DOP. VISA **************** PŁATNOŚĆ KARTĄ 275.05 PLN DISNEY WROCŁAW,,,-130.72,,
,23-06-2025,DOP. VISA **************** PŁATNOŚĆ KARTĄ 57.35 PLN PAYU WROCŁAW,,,-53.35,,
,09-10-2024,DOP. VISA **************** PŁATNOŚĆ KARTĄ 84.02 PLN PRZEKAZANIE ŚRODKÓW WROCŁAW,,,-65.91,,
,24-08-2024,DOP. VISA **************** PŁATNOŚĆ KARTĄ 199.65 PLN PODROZY WROCŁAW,,,-234.51,,
,03-06-2025,DOP. VISA **************** PŁATNOŚĆ KARTĄ 157.04 PLN OPENAI WROCŁAW,,,-149.8,,
,20-02-2025,DOP. VISA **************** PŁATNOŚĆ KARTĄ 250.95 PLN PRZEKAZANIE ŚRODKÓW WROCŁAW,,,-273.02,,
,29-03-2025,DOP. VISA **************** PŁATNOŚĆ KARTĄ 171.07 PLN BLIK WROCŁAW,,,-20.14,,
,24-06-2025,DOP. VISA **************** PŁATNOŚĆ KARTĄ 277.22 PLN PRZELEW NA TELEFON WROCŁAW,,,-101.11,,
,23-08-2024,DOP. VISA **************** PŁATNOŚĆ KARTĄ 204.68 PLN H&M WROCŁAW,,,-272.7,,
,01-09-2024,DOP. VISA **************** PŁATNOŚĆ KARTĄ 248.88 PLN PARKING WROCŁAW,,,-135.24,,
,23-04-2025,DOP. VISA **************** PŁATNOŚĆ KARTĄ 275.84 PLN ALLEGRO WROCŁAW,,,-73.17,,
,19-02-2025,DOP. VISA **************** PŁATNOŚĆ KARTĄ 101.49 PLN WYPŁATA WROCŁAW,,,-205.93,,
,05-09-2024,DOP. VISA **************** PŁATNOŚĆ KARTĄ 242.73 PLN PROWIZJA WROCŁAW,,,-145.06,,
,30-08-2024,DOP. VISA **************** PŁATNOŚĆ KARTĄ 281.76 PLN PULL & BEAR WROCŁAW,,,-255.97,,
,06-11-2024,DOP. VISA **************** PŁATNOŚĆ KARTĄ 119.74 PLN RYANAIR WROCŁAW,,,-11.87,,
,19-11-2024,DOP. VISA **************** PŁATNOŚĆ KARTĄ 208.31 PLN UPC WROCŁAW,,,-5.23,,
,05-05-2025,DOP. VISA **************** PŁATNOŚĆ KARTĄ 63.34 PLN APTEKA WROCŁAW,,,-191.53,,
,24-12-2024,DOP. VISA **************** PŁATNOŚĆ KARTĄ 116.27 PLN NIKE WROCŁAW,,,-39.95,,
,08-10-2024,DOP. VISA **************** PŁATNOŚĆ KARTĄ 119.99 PLN XTB WROCŁAW,,,-98.5,,
,20-05-2025,DOP. VISA **************** PŁATNOŚĆ KARTĄ 199.26 PLN ENERGA WROCŁAW,,,-281.56,,
,14-12-2024,DOP. VISA **************** PŁATNOŚĆ KARTĄ 126.3 PLN HOTEL WROCŁAW,,,-262.67,,
,08-08-2024,DOP. VISA **************** PŁATNOŚĆ KARTĄ 236.16 PLN PASIBUS WROCŁAW,,,-219.0,,
,09-08-2024,DOP. VISA **************** PŁATNOŚĆ KARTĄ 226.11 PLN UPC WROCŁAW,,,-250.77,,
,28-04-2025,DOP. VISA **************** PŁATNOŚĆ KARTĄ 7.24 PLN UBER WROCŁAW,,,-37.59,,
,05-12-2024,DOP. VISA **************** PŁATNOŚĆ KARTĄ 293.25 PLN ENERGA WROCŁAW,,,-93.38,,
,11-08-2024,DOP. VISA **************** PŁATNOŚĆ KARTĄ 89.58 PLN PRZEKAZANIE ŚRODKÓW WROCŁAW,,,-82.06,,
,21-08-2024,DOP. VISA **************** PŁATNOŚĆ KARTĄ 112.69 PLN NIKE WROCŁAW,,,-62.9,,
,28-02-2025,DOP. VISA **************** PŁATNOŚĆ KARTĄ 103.45 PLN OLX WROCŁAW,,,-230.28,,
,19-06-2025,DOP. VISA **************** PŁATNOŚĆ KARTĄ 292.61 PLN MPK WROCŁAW,,,-228.7,,
,09-08-2024,DOP. VISA **************** PŁATNOŚĆ KARTĄ 20.65 PLN GIEŁDA WROCŁAW,,,-293.78,,
,06-12-2024,DOP. VISA **************** PŁATNOŚĆ KARTĄ 89.03 PLN BADANIE WROCŁAW,,,-62.09,,
,02-07-2025,DOP. VISA **************** PŁATNOŚĆ KARTĄ 195.66 PLN PROWIZJA WROCŁAW,,,-277.95,,
,16-11-2024,DOP. VISA **************** PŁATNOŚĆ KARTĄ 59.3 PLN TOP-UP WROCŁAW,,,-279.59,,
,29-06-2025,DOP. VISA **************** PŁATNOŚĆ KARTĄ 29.71 PLN HOTEL WROCŁAW,,,-81.83,,
,14-02-2025,DOP. VISA **************** PŁATNOŚĆ KARTĄ 115.98 PLN PAYU WROCŁAW,,,-164.3,,
,01-05-2025,DOP. VISA **************** PŁATNOŚĆ KARTĄ 106.3 PLN XTB WROCŁAW,,,-247.69,,
,28-03-2025,DOP. VISA **************** PŁATNOŚĆ KARTĄ 214.27 PLN APTEKA WROCŁAW,,,-182.09,,
,11-01-2025,DOP. VISA **************** PŁATNOŚĆ KARTĄ 62.5 PLN NETFLIX WROCŁAW,,,-181.11,,
,26-05-2025,DOP. VISA **************** PŁATNOŚĆ KARTĄ 185.21 PLN BIEDRONKA WROCŁAW,,,-182.55,,
,08-08-2024,DOP. VISA **************** PŁATNOŚĆ KARTĄ 115.25 PLN BP WROCŁAW,,,-100.81,,
,04-08-2024,DOP. VISA **************** PŁATNOŚĆ KARTĄ 62.17 PLN ZDROWIE WROCŁAW,,,-106.56,,
,03-11-2024,DOP. VISA **************** PŁATNOŚĆ KARTĄ 242.88 PLN LIDL WROCŁAW,,,-237.99,,
,03-06-2025,DOP. VISA **************** PŁATNOŚĆ KARTĄ 96.98 PLN ALLEGRO WROCŁAW,,,-72.31,,
,20-09-2024,DOP. VISA **************** PŁATNOŚĆ KARTĄ 257.21 PLN PIEKARNIA WROCŁAW,,,-241.17,,
,14-09-2024,DOP. VISA **************** PŁATNOŚĆ KARTĄ 219.87 PLN PRZEKAZANIE ŚRODKÓW WROCŁAW,,,-95.75,,
,15-03-2025,DOP. VISA **************** PŁATNOŚĆ KARTĄ 284.65 PLN VECTRA WROCŁAW,,,-82.16,,
,13-01-2025,DOP. VISA **************** PŁATNOŚĆ KARTĄ 257.23 PLN DINO WROCŁAW,,,-27.82,,
,22-10-2024,DOP. VISA **************** PŁATNOŚĆ KARTĄ 219.22 PLN PRZELEW NA TELEFON WROCŁAW,,,-138.27,,
,28-02-2025,DOP. VISA **************** PŁATNOŚĆ KARTĄ 68.24 PLN DOŁADOWANIE WROCŁAW,,,-166.9,,
,02-02-2025,DOP. VISA **************** PŁATNOŚĆ KARTĄ 66.36 PLN PRIMARK WROCŁAW,,,-15.62,,
,13-07-2025,DOP. VISA **************** PŁATNOŚĆ KARTĄ 237.86 PLN BANK FEE WROCŁAW,,,-108.85,,
,05-12-2024,DOP. VISA **************** PŁATNOŚĆ KARTĄ 276.3 PLN LOT WROCŁAW,,,-47.66,,
,06-08-2024,DOP. VISA **************** PŁATNOŚĆ KARTĄ 206.19 PLN BADANIE WROCŁAW,,,-229.26,,
,04-08-2024,DOP. VISA **************** PŁATNOŚĆ KARTĄ 201.81 PLN CCC WROCŁAW,,,-81.3,,
,18-11-2024,DOP. VISA **************** PŁATNOŚĆ KARTĄ 45.87 PLN WYPŁATA WROCŁAW,,,-63.69,,
,04-08-2024,DOP. VISA **************** PŁATNOŚĆ KARTĄ 234.23 PLN TOP-UP WROCŁAW,,,-166.18,,
,16-09-2024,DOP. VISA **************** PŁATNOŚĆ KARTĄ 8.89 PLN MCDONALD WROCŁAW,,,-167.24,,
,24-11-2024,DOP. VISA **************** PŁATNOŚĆ KARTĄ 210.45 PLN DEALZ WROCŁAW,,,-207.8,,
,09-06-2025,DOP. VISA **************** PŁATNOŚĆ KARTĄ 123.66 PLN BLIK WROCŁAW,,,-53.1,,
